Date,Close,Open,High,Low
27/01/2023,23193.100,23016.000,23247.900,22602.900
26/01/2023,23016.000,23055.200,23259.500,22869.000
25/01/2023,23055.100,22632.500,23779.000,22366.300
24/01/2023,22632.500,22916.300,23156.100,22517.100
23/01/2023,22915.500,22709.000,23161.800,22527.900
22/01/2023,22707.800,22775.700,23068.700,22323.000
21/01/2023,22775.700,22677.500,23304.500,22461.100
20/01/2023,22677.200,21074.900,22718.500,20879.300
19/01/2023,21081.200,20670.600,21169.400,20669.700
18/01/2023,20670.600,21137.100,21584.100,20448.300
17/01/2023,21137.100,21184.400,21506.400,20926.200
16/01/2023,21184.200,20880.100,21416.800,20698.900
15/01/2023,20879.800,20956.000,21032.200,20585.700
14/01/2023,20958.200,19926.900,21185.600,19898.600
13/01/2023,19927.000,18850.800,19981.600,18723.800
12/01/2023,18851.300,17941.000,19055.300,17915.500
11/01/2023,17942.300,17440.500,17989.800,17323.900
10/01/2023,17439.100,17180.100,17491.000,17151.700
09/01/2023,17180.100,17119.000,17390.800,17107.100
08/01/2023,17119.000,16943.600,17119.000,16913.800
07/01/2023,16943.600,16950.900,16979.600,16909.700
06/01/2023,16950.900,16829.800,17012.300,16707.600
05/01/2023,16829.800,16852.200,16877.900,16772.300
04/01/2023,16852.100,16674.200,16976.500,16656.500
03/01/2023,16674.200,16673.100,16773.200,16607.200
02/01/2023,16674.300,16618.400,16766.900,16551.000
01/01/2023,16618.400,16537.500,16621.900,16499.700
31/12/2022,16537.400,16607.200,16635.900,16487.300
30/12/2022,16607.200,16636.400,16644.400,16360.000
29/12/2022,16636.400,16546.200,16659.100,16496.600
28/12/2022,16546.200,16705.900,16781.100,16474.200
27/12/2022,16706.100,16918.200,16964.000,16610.100
26/12/2022,16918.100,16831.800,16936.100,16799.400
25/12/2022,16831.800,16835.700,16852.900,16733.000
24/12/2022,16837.200,16778.600,16855.800,16777.800
23/12/2022,16779.100,16820.500,16910.700,16768.000
22/12/2022,16820.600,16831.800,16862.200,16566.100
21/12/2022,16831.800,16902.700,16919.400,16735.000
20/12/2022,16902.800,16441.300,17031.300,16400.700
19/12/2022,16441.300,16741.100,16809.500,16331.200
18/12/2022,16741.100,16777.000,16825.700,16666.500
17/12/2022,16777.100,16629.000,16794.400,16587.000
16/12/2022,16629.600,17356.700,17518.500,16542.400
15/12/2022,17356.100,17796.400,17846.100,17298.200
14/12/2022,17796.400,17778.600,18351.800,17682.100
13/12/2022,17778.600,17210.900,17951.600,17094.500
12/12/2022,17210.400,17093.200,17232.500,16878.500
11/12/2022,17093.300,17127.000,17262.900,17080.600
10/12/2022,17127.200,17125.700,17220.500,17105.700
09/12/2022,17125.700,17225.600,17288.600,17082.100
08/12/2022,17225.700,16835.200,17294.200,16765.800
07/12/2022,16835.200,17089.400,17126.700,16715.300
06/12/2022,17089.300,16966.300,17101.100,16914.900
05/12/2022,16966.500,17106.900,17395.200,16886.900
04/12/2022,17112.600,16884.800,17198.100,16881.600
03/12/2022,16884.500,17093.400,17132.600,16862.100
02/12/2022,17093.600,16972.200,17096.200,16799.900
01/12/2022,16972.000,17163.400,17244.700,16868.900
30/11/2022,17163.900,16440.800,17215.500,16433.200
29/11/2022,16440.400,16211.900,16531.400,16100.100
28/11/2022,16211.700,16426.100,16481.400,16013.500
27/11/2022,16425.600,16456.400,16595.400,16414.600
26/11/2022,16456.500,16512.300,16686.300,16387.900
25/11/2022,16512.300,16600.600,16611.800,16360.900
24/11/2022,16601.200,16604.900,16785.600,16472.000
23/11/2022,16623.900,16216.900,16677.600,16162.300
22/11/2022,16212.900,15776.600,16274.600,15620.400
21/11/2022,15776.200,16278.600,16287.900,15504.200
20/11/2022,16286.700,16699.300,16749.300,16209.200
19/11/2022,16699.200,16652.200,16814.900,16608.900
18/11/2022,16638.300,16715.400,16846.300,16553.000
17/11/2022,16691.200,16540.500,16739.700,16425.800
16/11/2022,16540.500,16895.400,16993.400,16408.200
15/11/2022,16895.100,16615.000,17112.000,16543.900
14/11/2022,16613.700,16325.000,17158.400,15834.000
13/11/2022,16324.500,16803.900,16946.500,16274.900
12/11/2022,16795.200,17049.900,17100.800,16633.900
11/11/2022,17049.900,17589.100,17679.400,16435.500
10/11/2022,17589.100,15887.000,18138.200,15799.300
09/11/2022,15886.900,18538.900,18583.800,15603.300
08/11/2022,18527.400,20589.000,20667.500,17260.000
07/11/2022,20589.000,20916.300,21055.400,20410.500
06/11/2022,20916.300,21298.700,21360.400,20901.000
05/11/2022,21301.600,21145.700,21464.700,21084.100
04/11/2022,21145.900,20206.400,21281.900,20184.600
03/11/2022,20206.400,20154.000,20384.500,20066.600
02/11/2022,20154.400,20482.900,20778.300,20065.800
01/11/2022,20483.500,20496.100,20676.600,20348.100
31/10/2022,20496.300,20626.000,20822.400,20260.000
30/10/2022,20626.300,20809.400,20922.300,20522.500
29/10/2022,20809.800,20594.200,21038.100,20561.900
28/10/2022,20594.400,20293.000,20744.000,20058.200
27/10/2022,20292.900,20769.500,20867.900,20231.600
26/10/2022,20769.500,20086.800,20981.500,20062.900
25/10/2022,20082.700,19331.800,20406.900,19249.000
24/10/2022,19331.500,19571.200,19588.600,19177.200
23/10/2022,19571.200,19204.800,19680.900,19092.500
22/10/2022,19204.800,19162.600,19249.900,19116.100
21/10/2022,19162.600,19042.900,19245.500,18703.300
20/10/2022,19042.900,19125.100,19334.500,18935.600
19/10/2022,19123.900,19328.200,19358.600,19101.200
18/10/2022,19328.200,19548.400,19692.900,19102.800
17/10/2022,19548.200,19262.200,19663.500,19163.600
16/10/2022,19261.900,19068.800,19411.900,19066.000
15/10/2022,19068.700,19181.700,19218.700,19000.800
14/10/2022,19181.800,19379.800,19933.900,19098.600
13/10/2022,19379.800,19154.600,19494.400,18207.900
12/10/2022,19154.800,19058.500,19212.600,19010.600
11/10/2022,19059.100,19134.300,19261.300,18868.700
10/10/2022,19134.600,19441.700,19520.700,19057.000
09/10/2022,19441.000,19416.300,19552.100,19329.600
08/10/2022,19415.000,19530.200,19612.200,19274.700
07/10/2022,19531.300,19962.400,20051.400,19352.100
06/10/2022,19956.700,20157.500,20436.700,19873.700
05/10/2022,20157.500,20340.500,20353.800,19761.700
04/10/2022,20340.200,19629.700,20436.100,19506.400
03/10/2022,19628.300,19057.600,19676.000,19001.300
02/10/2022,19052.200,19311.900,19389.900,18937.300
01/10/2022,19311.900,19422.900,19480.300,19172.600
30/09/2022,19423.000,19593.400,20174.900,19208.900
29/09/2022,19593.000,19420.200,19631.500,18877.900
28/09/2022,19411.000,19083.400,19757.800,18505.300
27/09/2022,19081.000,19228.800,20361.200,18850.400
26/09/2022,19225.700,18803.100,19304.800,18695.200
25/09/2022,18803.200,18925.100,19125.100,18659.600
24/09/2022,18925.200,19288.400,19310.600,18812.000
23/09/2022,19293.500,19404.100,19477.300,18554.800
22/09/2022,19404.000,18488.100,19490.900,18371.000
21/09/2022,18489.000,18875.100,19758.400,18191.800
20/09/2022,18872.400,19538.900,19626.300,18742.600
19/09/2022,19538.900,19417.400,19666.600,18277.800
18/09/2022,19418.800,20113.900,20113.900,19347.700
17/09/2022,20113.500,19802.800,20178.600,19761.000
16/09/2022,19802.400,19701.900,19883.000,19352.900
15/09/2022,19701.700,20222.300,20321.400,19532.300
14/09/2022,20222.500,20175.500,20503.700,19654.200
13/09/2022,20175.500,22395.300,22702.500,19909.600
12/09/2022,22395.300,21836.600,22465.400,21581.600
11/09/2022,21834.900,21650.400,21836.400,21363.000
10/09/2022,21650.400,21363.800,21790.600,21139.900
09/09/2022,21365.200,19318.800,21545.700,19294.100
08/09/2022,19317.400,19281.500,19444.700,19034.500
07/09/2022,19281.500,18786.300,19445.900,18548.400
06/09/2022,18786.400,19793.400,20169.300,18723.300
05/09/2022,19793.100,19999.900,20042.900,19650.700
04/09/2022,19999.900,19832.200,20017.800,19594.700
03/09/2022,19831.400,19952.800,20043.800,19660.700
02/09/2022,19952.700,20131.600,20428.200,19764.700
01/09/2022,20126.100,20049.900,20202.700,19584.400
31/08/2022,20043.900,19793.400,20469.100,19793.400
30/08/2022,19792.600,20295.600,20558.200,19559.700
29/08/2022,20295.800,19551.300,20394.500,19551.200
28/08/2022,19550.200,20034.200,20150.800,19542.900
27/08/2022,20033.900,20249.900,20343.600,19849.800
26/08/2022,20249.900,21564.200,21815.300,20122.400
25/08/2022,21565.400,21365.400,21801.200,21324.800
24/08/2022,21365.200,21516.200,21832.300,21171.100
23/08/2022,21517.200,21416.500,21661.000,20919.600
22/08/2022,21416.300,21516.800,21517.400,20912.100
21/08/2022,21517.200,21138.900,21692.400,21077.400
20/08/2022,21138.900,20830.700,21357.400,20784.800
19/08/2022,20831.300,23201.600,23202.300,20807.800
18/08/2022,23203.600,23337.700,23578.000,23131.300
17/08/2022,23338.000,23855.800,24423.500,23191.600
16/08/2022,23856.800,24102.600,24240.800,23693.800
15/08/2022,24101.700,24303.300,25205.700,23784.500
14/08/2022,24302.800,24442.100,24997.300,24172.200
13/08/2022,24442.500,24398.900,24882.900,24318.700
12/08/2022,24398.700,23935.300,24440.800,23616.400
11/08/2022,23935.300,23963.300,24873.500,23864.000
10/08/2022,23962.900,23150.300,24209.900,22714.700
09/08/2022,23146.700,23818.100,23912.000,22886.500
08/08/2022,23816.300,23175.300,24234.100,23160.600
07/08/2022,23175.300,22944.200,23387.700,22852.300
06/08/2022,22944.200,23308.200,23344.400,22923.600
05/08/2022,23308.200,22613.300,23447.600,22593.500
04/08/2022,22612.100,22822.200,23214.500,22438.700
03/08/2022,22820.800,22988.700,23623.700,22698.600
02/08/2022,22988.600,23271.100,23423.300,22670.800
01/08/2022,23271.200,23303.400,23484.400,22863.800
31/07/2022,23303.400,23634.200,24179.300,23236.200
30/07/2022,23634.200,23774.200,24605.300,23521.800
29/07/2022,23774.300,23850.200,24340.000,23451.400
28/07/2022,23850.000,22957.700,24190.500,22611.600
27/07/2022,22958.300,21248.000,23027.800,21047.500
26/07/2022,21248.700,21301.600,21322.300,20737.300
25/07/2022,21301.900,22582.300,22653.300,21275.400
24/07/2022,22582.100,22449.800,22987.900,22281.300
23/07/2022,22460.400,22683.600,22991.000,21971.700
22/07/2022,22675.200,23150.000,23741.400,22524.200
21/07/2022,23153.000,23219.900,23403.800,22360.200
20/07/2022,23215.200,23412.000,24258.000,22944.400
19/07/2022,23410.200,22529.300,23757.300,21581.800
18/07/2022,22525.800,20785.600,22714.900,20770.600
17/07/2022,20785.600,21209.800,21654.400,20755.200
16/07/2022,21209.900,20825.200,21561.300,20484.400
15/07/2022,20825.100,20586.100,21178.100,20393.400
14/07/2022,20586.000,20250.000,20862.200,19664.900
13/07/2022,20250.000,19331.600,20250.800,18942.200
12/07/2022,19330.900,19963.200,20051.700,19279.600
11/07/2022,19963.200,20847.200,20855.000,19897.000
10/07/2022,20847.400,21587.400,21599.200,20689.700
09/07/2022,21587.500,21610.400,21944.100,21338.400
08/07/2022,21611.200,21637.100,22482.100,21207.000
07/07/2022,21637.800,20557.900,21817.800,20282.700
06/07/2022,20561.100,20180.400,20654.900,19785.300
05/07/2022,20200.600,20215.800,20706.900,19315.400
04/07/2022,20215.800,19310.600,20303.800,19052.500
03/07/2022,19309.900,19243.400,19626.400,18794.400
02/07/2022,19243.200,19275.400,19425.400,19006.400
01/07/2022,19262.900,19926.600,20785.600,18980.100
30/06/2022,19926.600,20111.300,20155.100,18682.700
29/06/2022,20111.300,20278.000,20415.800,19880.700
28/06/2022,20278.000,20727.900,21200.200,20210.500
27/06/2022,20730.200,21037.700,21497.500,20568.000
26/06/2022,21043.500,21489.900,21837.400,20989.700
25/06/2022,21489.900,21226.900,21553.400,20917.500
24/06/2022,21226.900,21100.900,21488.700,20743.900
23/06/2022,21100.700,19967.300,21189.800,19907.500
22/06/2022,19965.800,20720.200,20864.300,19780.200
21/06/2022,20720.400,20571.600,21689.300,20371.700
20/06/2022,20572.300,20576.900,20996.800,19658.800
19/06/2022,20577.200,18983.400,20763.500,17983.700
18/06/2022,18986.500,20446.400,20744.700,17630.500
17/06/2022,20444.600,20391.300,21315.400,20244.100
16/06/2022,20386.600,22577.900,22942.100,20231.100
15/06/2022,22577.900,22137.500,22754.400,20125.800
14/06/2022,22157.300,22449.100,23200.300,20860.900
13/06/2022,22448.000,26606.300,26857.600,22006.300
12/06/2022,26606.300,28404.000,28534.800,26606.300
11/06/2022,28403.400,29083.300,29426.600,28161.800
10/06/2022,29083.300,30097.400,30325.600,28884.900
09/06/2022,30097.800,30202.100,30691.400,29953.800
08/06/2022,30201.600,31127.200,31312.100,29874.800
07/06/2022,31128.800,31370.300,31556.600,29235.000
06/06/2022,31367.600,29911.200,31753.400,29888.600
05/06/2022,29913.000,29865.100,30166.900,29539.000
04/06/2022,29864.300,29700.900,29963.800,29489.500
03/06/2022,29700.900,30455.700,30674.800,29330.800
02/06/2022,30455.500,29798.600,30638.500,29604.400
01/06/2022,29798.500,31793.100,31969.900,29396.600
31/05/2022,31793.400,31730.200,32377.500,31221.200
30/05/2022,31723.300,29465.200,32185.600,29307.200
29/05/2022,29465.200,29027.100,29556.500,28838.700
28/05/2022,29027.100,28620.100,29194.400,28537.200
27/05/2022,28601.200,29194.000,29377.100,28282.200
26/05/2022,29203.500,29537.900,29868.900,28077.900
25/05/2022,29540.600,29648.700,30202.300,29353.500
24/05/2022,29648.700,29091.600,29810.800,28706.100
23/05/2022,29093.300,30287.300,30644.800,28913.600
22/05/2022,30286.600,29433.000,30462.000,29260.100
21/05/2022,29434.600,29188.700,29623.200,28953.900
20/05/2022,29178.600,30305.900,30735.100,28738.500
19/05/2022,30305.900,28700.400,30525.100,28682.100
18/05/2022,28683.700,30437.500,30687.900,28648.100
17/05/2022,30437.500,29856.700,30720.100,29484.500
16/05/2022,29849.000,31308.300,31312.400,29135.800
15/05/2022,31308.700,30078.600,31383.800,29499.400
14/05/2022,30080.400,29285.200,30277.400,28666.700
13/05/2022,29284.400,28994.300,31002.700,28755.000
12/05/2022,28976.000,29073.400,30136.700,26500.500
11/05/2022,29068.200,31008.000,32113.600,27835.500
10/05/2022,31007.500,30098.200,32621.200,29831.000
09/05/2022,30095.000,34041.000,34227.000,30095.000
08/05/2022,34060.000,35468.000,35497.000,33727.000
07/05/2022,35468.000,36003.000,36119.000,34773.000
06/05/2022,36009.000,36540.000,36646.000,35267.000
05/05/2022,36544.000,39686.000,39833.000,36183.000
04/05/2022,39688.000,37717.000,40021.000,37660.000
03/05/2022,37718.000,38515.000,38647.000,37513.000
02/05/2022,38514.000,38472.000,39134.000,38061.000
01/05/2022,38461.000,37642.000,38676.000,37397.000
30/04/2022,37650.000,38590.000,38776.000,37596.000
29/04/2022,38581.000,39748.000,39919.000,38175.000
28/04/2022,39748.000,39243.000,40382.000,38888.000
27/04/2022,39243.000,38113.000,39447.000,37869.000
26/04/2022,38113.000,40443.000,40770.000,37708.000
25/04/2022,40427.000,39464.000,40599.000,38233.000
24/04/2022,39464.000,39434.000,39929.000,39033.000
23/04/2022,39418.000,39709.000,39973.000,39291.000
22/04/2022,39709.000,40487.000,40792.000,39200.000
21/04/2022,40482.000,41370.000,42969.000,39793.000
20/04/2022,41368.000,41499.000,42203.000,40915.000
19/04/2022,41503.000,40809.000,41746.000,40585.000
18/04/2022,40803.000,39700.000,41095.000,38577.000
17/04/2022,39703.000,40382.000,40599.000,39561.000
16/04/2022,40382.000,40571.000,40691.000,40003.000
15/04/2022,40560.000,39936.000,40850.000,39781.000
14/04/2022,39936.000,41133.000,41494.000,39585.000
13/04/2022,41133.000,40072.000,41515.000,39581.000
12/04/2022,40078.000,39507.000,40678.000,39265.000
11/04/2022,39497.000,42144.000,42418.000,39202.000
10/04/2022,42138.000,42760.000,43421.000,41884.000
09/04/2022,42767.000,42275.000,42809.000,42129.000
08/04/2022,42275.000,43450.000,43979.000,42113.000
07/04/2022,43448.000,43166.000,43893.000,42747.000
06/04/2022,43173.000,45494.000,45519.000,43122.000
05/04/2022,45506.000,46614.000,47201.000,45388.000
04/04/2022,46629.000,46407.000,46899.000,45152.000
03/04/2022,46407.000,45813.000,47435.000,45554.000
02/04/2022,45811.000,46299.000,47212.000,45641.000
01/04/2022,46297.000,45529.000,46728.000,44261.000
31/03/2022,45525.000,47071.000,47624.000,45228.000
30/03/2022,47075.000,47449.000,47714.000,46601.000
29/03/2022,47449.000,47126.000,48127.000,47029.000
28/03/2022,47105.000,46859.000,48199.000,46672.000
27/03/2022,46859.000,44542.000,46947.000,44445.000
26/03/2022,44548.000,44331.000,44818.000,44090.000
25/03/2022,44331.000,44013.000,45112.000,43622.000
24/03/2022,44013.000,42911.000,44251.000,42658.000
23/03/2022,42912.000,42373.000,43027.000,41795.000
22/03/2022,42373.000,41022.000,43327.900,40893.000
21/03/2022,41022.000,41282.000,41532.000,40530.000
20/03/2022,41276.000,42241.000,42301.000,40922.000
19/03/2022,42233.000,41768.000,42386.000,41529.600
18/03/2022,41767.800,40914.600,42308.400,40234.800
17/03/2022,40914.800,41118.700,41406.000,40557.800
16/03/2022,41118.700,39282.500,41701.600,38953.200
15/03/2022,39285.700,39673.000,39854.700,38220.900
14/03/2022,39671.100,37789.500,39914.300,37613.600
13/03/2022,37792.400,38813.200,39272.300,37603.400
12/03/2022,38814.300,38730.200,39355.300,38666.500
11/03/2022,38730.200,39422.500,40177.000,38236.400
10/03/2022,39416.300,41933.900,42029.100,38603.500
09/03/2022,41929.000,38731.500,42538.500,38663.300
08/03/2022,38744.800,38020.600,39351.500,37886.600
07/03/2022,38024.800,38420.600,39532.000,37182.100
06/03/2022,38403.100,39396.300,39668.100,38115.000
05/03/2022,39395.800,39142.800,39600.200,38626.100
04/03/2022,39142.700,42463.000,42848.700,38594.900
03/03/2022,42463.000,43912.800,44077.200,41840.800
02/03/2022,43912.800,44420.300,45294.200,43361.300
01/03/2022,44420.300,43187.200,44900.500,42876.600
28/02/2022,43188.200,37707.200,43977.800,37458.900
27/02/2022,37689.100,39116.600,39838.500,37062.300
26/02/2022,39115.500,39221.600,40094.500,38639.100
25/02/2022,39209.600,38339.200,39683.700,38042.600
24/02/2022,38339.200,37250.200,39351.600,34357.400
23/02/2022,37224.600,38248.200,39194.500,37099.500
22/02/2022,38248.200,37018.300,38414.900,36399.600
21/02/2022,37017.700,38355.000,39444.100,36868.900
20/02/2022,38355.000,40089.600,40120.300,38042.200
19/02/2022,40090.300,40000.100,40434.300,39666.600
18/02/2022,40000.100,40532.500,40935.500,39505.000
17/02/2022,40552.800,43885.500,44167.100,40103.800
16/02/2022,43883.600,44540.900,44552.900,43377.600
15/02/2022,44544.400,42550.300,44722.600,42460.100
14/02/2022,42550.300,42061.100,42799.700,41591.300
13/02/2022,42061.100,42205.500,42725.100,41880.100
12/02/2022,42205.200,42388.400,43006.400,41776.800
11/02/2022,42388.400,43519.300,43915.100,42023.400
10/02/2022,43521.000,44388.900,45755.200,43242.500
09/02/2022,44388.900,44038.200,44800.400,43163.000
08/02/2022,44038.200,43833.900,45399.800,42705.000
07/02/2022,43833.900,42385.200,44468.300,41695.400
06/02/2022,42392.200,41411.900,42614.800,41176.300
05/02/2022,41412.100,41566.500,41899.800,40963.300
04/02/2022,41567.600,37287.800,41689.000,37041.100
03/02/2022,37287.800,36890.200,37304.300,36297.300
02/02/2022,36890.200,38711.200,38853.800,36682.300
01/02/2022,38709.700,38475.600,39230.000,38037.900
31/01/2022,38498.600,37923.800,38701.400,36672.800
30/01/2022,37917.700,38167.500,38313.300,37390.600
29/01/2022,38170.800,37736.500,38663.700,37350.200
28/01/2022,37745.100,37195.600,37995.900,36176.500
27/01/2022,37164.300,36800.100,37215.400,35543.200
26/01/2022,36800.400,36962.300,38862.600,36280.000
25/01/2022,36950.600,36691.300,37501.800,35729.300
24/01/2022,36686.300,36268.600,37424.000,32985.600
23/01/2022,36269.500,35072.900,36513.000,34655.200
22/01/2022,35075.200,36467.700,36749.800,34116.000
21/01/2022,36475.500,40698.100,41104.600,35503.900
20/01/2022,40715.900,41683.600,43487.100,40568.300
19/01/2022,41677.800,42365.300,42558.000,41160.900
18/01/2022,42364.600,42209.900,42674.200,41300.700
17/01/2022,42209.300,43080.500,43179.600,41559.400
16/01/2022,43079.100,43079.200,43462.000,42643.300
15/01/2022,43097.000,43073.600,43777.900,42586.100
14/01/2022,43073.300,42562.200,43435.100,41848.700
13/01/2022,42560.000,43900.000,44404.700,42337.500
12/01/2022,43901.000,42735.000,44243.600,42476.700
11/01/2022,42733.200,41829.100,43090.200,41287.600
10/01/2022,41832.200,41848.900,42243.800,39697.000
09/01/2022,41848.300,41681.200,42764.400,41260.900
08/01/2022,41672.000,41551.300,42304.400,40574.300
07/01/2022,41546.700,43097.900,43127.700,40810.000
06/01/2022,43097.500,43431.600,43772.300,42481.100
05/01/2022,43425.900,45833.100,47019.400,42535.100
04/01/2022,45837.300,46435.700,47505.400,45602.100
03/01/2022,46430.200,47293.900,47556.000,45704.000
02/01/2022,47311.800,47738.700,47944.900,46718.200
01/01/2022,47738.000,46217.500,47917.600,46217.500
31/12/2021,46219.500,47123.300,48553.900,45693.600
30/12/2021,47123.300,46470.700,47901.400,46003.000
29/12/2021,46461.700,47548.400,48121.700,46127.800
28/12/2021,47545.200,50703.400,50703.800,47345.700
27/12/2021,50678.200,50783.600,52016.300,50459.000
26/12/2021,50779.900,50404.000,51247.000,49527.000
25/12/2021,50406.400,50789.600,51140.200,50196.800
24/12/2021,50786.100,50807.400,51795.300,50428.400
23/12/2021,50801.000,48599.600,51355.600,48053.400
22/12/2021,48599.700,48898.700,49540.300,48449.700
21/12/2021,48902.000,46900.100,49306.100,46654.000
20/12/2021,46895.200,46703.400,47488.900,45577.300
19/12/2021,46704.500,46855.700,48270.200,46438.400
18/12/2021,46856.200,46171.800,47330.200,45513.400
17/12/2021,46172.200,47630.400,47997.200,45523.800
16/12/2021,47628.200,48876.600,49387.800,47543.900
15/12/2021,48871.500,48366.200,49477.900,46572.600
14/12/2021,48366.500,46709.800,48635.000,46338.300
13/12/2021,46703.600,50075.900,50196.100,45848.200
12/12/2021,50081.000,49332.500,50779.200,48670.500
11/12/2021,49314.500,47138.400,49487.000,46834.000
10/12/2021,47137.200,47591.700,49974.800,47007.100
09/12/2021,47596.600,50477.600,50790.200,47341.900
08/12/2021,50473.900,50596.600,51204.700,48700.700
07/12/2021,50595.200,50547.400,51918.600,50070.900
06/12/2021,50562.100,49412.100,50913.300,47237.900
05/12/2021,49405.500,49196.400,49689.300,47797.800
04/12/2021,49195.200,53620.700,53847.200,42587.800
03/12/2021,53631.500,56495.200,57543.600,52008.900
02/12/2021,56496.000,57207.800,57377.500,55807.900
01/12/2021,57210.300,56891.700,59064.300,56496.500
30/11/2021,56882.900,57795.200,59174.400,55936.900
29/11/2021,57794.800,57288.100,58855.200,56726.700
28/11/2021,57291.500,54758.000,57392.300,53448.300
27/11/2021,54765.900,53747.200,55280.300,53654.300
26/11/2021,53730.900,58937.300,59151.100,53533.500
25/11/2021,58935.100,57167.100,59387.300,57029.800
24/11/2021,57171.700,57559.400,57697.400,55910.600
23/11/2021,57573.200,56304.800,57855.100,55542.500
22/11/2021,56308.800,58719.700,59288.300,55656.800
21/11/2021,58714.300,59724.000,60002.600,58528.300
20/11/2021,59717.600,58080.800,59854.600,57435.300
19/11/2021,58083.400,56908.300,58335.900,55626.300
18/11/2021,56955.300,60368.200,60936.900,56524.400
17/11/2021,60367.800,60074.200,60814.500,58531.900
16/11/2021,60089.100,63605.100,63605.600,58655.900
15/11/2021,63597.900,65514.900,66311.200,63439.500
14/11/2021,65508.200,64397.200,65508.200,63608.300
13/11/2021,64398.600,64133.300,64906.000,63381.400
12/11/2021,64134.500,64782.600,65449.700,62309.700
11/11/2021,64806.700,64922.800,65583.300,64121.900
10/11/2021,64932.600,66942.600,68990.600,62951.300
09/11/2021,66904.400,67528.700,68493.300,66334.900
08/11/2021,67527.900,63276.400,67763.300,63276.400
07/11/2021,63273.200,61483.800,63273.200,61347.200
06/11/2021,61483.900,60973.200,61543.200,60093.600
05/11/2021,60974.300,61411.500,62560.300,60742.400
04/11/2021,61412.600,62915.400,63077.600,60742.900
03/11/2021,62918.500,63223.500,63508.600,60883.000
02/11/2021,63221.700,60912.200,64256.400,60651.500
01/11/2021,60915.300,61310.100,62430.100,59612.700
31/10/2021,61309.600,61842.200,62393.700,60005.700
30/10/2021,61840.100,62245.000,62338.500,60786.000
29/10/2021,62242.800,60579.900,62952.200,60322.200
28/10/2021,60582.500,58437.200,62251.300,58128.100
27/10/2021,58438.100,60312.500,61452.900,58112.600
26/10/2021,60310.800,63067.500,63275.100,59907.300
25/10/2021,63067.000,60864.300,63694.800,60655.800
24/10/2021,60866.500,61308.200,61469.900,59523.700
23/10/2021,61312.500,60693.200,61728.700,59738.300
22/10/2021,60690.300,62200.800,63699.700,60055.700
21/10/2021,62210.200,66004.600,66616.900,62092.100
20/10/2021,65979.100,64276.900,66967.100,63543.700
19/10/2021,64278.500,62030.200,64454.000,61451.000
18/10/2021,62056.300,61525.800,62623.600,60026.900
17/10/2021,61527.500,60865.500,61651.400,59143.400
16/10/2021,60861.100,61669.200,62329.200,60161.900
15/10/2021,61672.500,57348.200,62892.800,56874.800
14/10/2021,57345.800,57370.400,58506.500,56866.800
13/10/2021,57380.100,56014.500,57697.400,54314.400
12/10/2021,56015.900,57480.600,57635.700,54155.400
11/10/2021,57477.300,54686.900,57814.100,54457.800
10/10/2021,54687.700,54942.500,56432.200,54100.800
09/10/2021,54942.500,53924.100,55430.800,53711.700
08/10/2021,53914.700,53785.500,55977.900,53659.300
07/10/2021,53783.900,55325.200,55325.600,53476.400
06/10/2021,55323.200,51470.000,55676.100,50439.500
05/10/2021,51469.300,49229.500,51872.400,49060.100
04/10/2021,49227.300,48200.400,49481.700,46958.600
03/10/2021,48200.100,47665.400,49165.200,47123.000
02/10/2021,47666.900,48147.200,48306.900,47451.700
01/10/2021,48146.000,43824.400,48435.200,43292.900
30/09/2021,43823.300,41534.500,44101.200,41416.700
29/09/2021,41536.800,41023.100,42571.200,40815.000
28/09/2021,41022.300,42169.900,42758.800,40906.400
27/09/2021,42172.600,43200.900,44293.200,42143.900
26/09/2021,43203.400,42685.800,43907.300,40786.600
25/09/2021,42686.800,42818.700,42959.300,41714.500
24/09/2021,42819.900,44867.400,45112.000,40908.500
23/09/2021,44869.200,43550.700,44949.800,43090.100
22/09/2021,43551.600,40660.800,43976.700,40585.700
21/09/2021,40651.300,43012.300,43619.300,39646.800
20/09/2021,42870.600,47240.800,47323.900,42547.100
19/09/2021,47238.700,48299.900,48341.900,46866.600
18/09/2021,48306.700,47283.900,48761.000,47070.500
17/09/2021,47282.800,47748.200,48155.900,46788.800
16/09/2021,47748.000,48132.300,48480.600,47040.300
15/09/2021,48130.600,47070.800,48436.500,46743.900
14/09/2021,47077.500,44950.200,47247.600,44718.700
13/09/2021,44949.500,46060.800,46807.700,43463.200
12/09/2021,46062.300,45162.600,46386.400,44755.200
11/09/2021,45161.900,44844.900,45975.600,44766.600
10/09/2021,44842.800,46385.900,47021.600,44283.600
09/09/2021,46385.600,46057.600,47305.700,45609.000
08/09/2021,46061.400,46774.100,47316.900,44493.700
07/09/2021,46779.600,52674.200,52885.300,43072.400
06/09/2021,52672.100,51769.400,52726.200,51002.800
05/09/2021,51768.600,49918.700,51878.200,49492.400
04/09/2021,49918.400,49999.300,50534.600,49461.400
03/09/2021,49999.000,49269.500,51008.800,48377.300
02/09/2021,49274.300,48817.800,50355.300,48612.900
01/09/2021,48819.400,47129.200,49121.000,46533.100
31/08/2021,47130.400,46989.100,48217.000,46709.300
30/08/2021,46992.700,48777.100,48886.000,46876.900
29/08/2021,48777.400,48899.700,49621.700,47870.100
28/08/2021,48897.100,49062.800,49289.400,48428.500
27/08/2021,49064.300,46830.200,49142.000,46371.500
26/08/2021,46831.600,48994.400,49347.800,46360.400
25/08/2021,48994.500,47707.400,49230.200,47163.300
24/08/2021,47714.700,49532.500,49847.400,47623.600
23/08/2021,49539.700,49255.400,50498.800,49038.600
22/08/2021,49254.500,48870.400,49480.300,48151.000
21/08/2021,48875.800,49330.000,49719.100,48293.500
20/08/2021,49324.000,46756.700,49343.300,46646.800
19/08/2021,46755.900,44725.900,47012.300,43986.700
18/08/2021,44723.800,44691.100,46004.900,44230.000
17/08/2021,44691.600,45907.500,47140.600,44441.300
16/08/2021,45996.300,46991.600,48002.400,45672.100
15/08/2021,46991.300,47082.600,47344.100,45564.100
14/08/2021,47081.500,47809.600,48090.900,46117.200
13/08/2021,47809.100,44404.000,47836.000,44242.400
12/08/2021,44403.400,45562.300,46213.800,43814.700
11/08/2021,45564.300,45593.200,46736.500,45367.900
10/08/2021,45593.800,46281.800,46663.400,44681.200
09/08/2021,46284.300,43794.900,46460.700,42824.100
08/08/2021,43792.800,44584.900,45284.100,43314.400
07/08/2021,44614.200,42784.700,44697.300,42611.000
06/08/2021,42795.400,40868.400,43253.400,39905.400
05/08/2021,40867.200,39734.400,41366.300,37365.400
04/08/2021,39736.900,38188.400,39956.500,37556.000
03/08/2021,38130.300,39167.400,39766.600,37688.200
02/08/2021,39168.400,39869.800,40449.000,38692.500
01/08/2021,39878.300,41510.000,42565.000,39556.500
31/07/2021,41553.700,42201.400,42285.300,41066.400
30/07/2021,42203.400,40001.100,42264.400,38358.400
29/07/2021,40001.400,40009.000,40630.700,39340.800
28/07/2021,40003.200,39450.400,40862.200,38883.800
27/07/2021,39452.000,37294.300,39455.900,36427.400
26/07/2021,37276.600,35392.300,40522.900,35236.700
25/07/2021,35391.100,34392.500,35391.100,33881.300
24/07/2021,33824.800,33600.500,33955.000,33412.900
23/07/2021,33603.300,32297.900,33605.600,32041.100
22/07/2021,32298.900,32131.700,32585.400,31729.400
21/07/2021,32131.400,29794.700,32794.600,29519.300
20/07/2021,29793.800,30835.400,31040.800,29310.200
19/07/2021,30837.200,31782.900,31887.000,30478.200
18/07/2021,31785.400,31517.900,32408.200,31220.600
17/07/2021,31518.600,31384.400,31914.800,31207.800
16/07/2021,31394.000,31842.300,32239.800,31062.200
15/07/2021,31840.500,32820.500,33157.000,31175.800
14/07/2021,32820.700,32727.800,33051.900,31611.200
13/07/2021,32728.100,33106.100,33307.700,32259.500
12/07/2021,33113.000,34228.300,34598.000,32662.800
11/07/2021,34227.700,33510.800,34580.600,33319.800
10/07/2021,33510.600,33797.700,34221.000,33056.800
09/07/2021,33797.400,32866.300,34079.200,32367.000
08/07/2021,32866.300,33859.400,33923.200,32146.900
07/07/2021,33867.800,34228.700,35036.600,33801.300
06/07/2021,34225.600,33688.500,35062.000,33581.700
05/07/2021,33687.800,35297.000,35300.500,33164.100
04/07/2021,35298.200,34742.800,35957.600,34740.100
03/07/2021,34742.800,33814.200,34909.800,33363.300
02/07/2021,33813.400,33542.200,33925.900,32734.600
01/07/2021,33543.600,35030.700,35032.700,32839.200
30/06/2021,35026.900,35832.600,36089.500,34126.600
29/06/2021,35834.700,34477.300,36590.300,34247.600
28/06/2021,34475.900,34682.200,35231.200,33944.900
27/06/2021,34678.500,32247.100,34685.500,32041.700
26/06/2021,32243.400,31592.100,32643.000,30206.900
25/06/2021,31594.000,34660.500,35490.900,31337.900
24/06/2021,34665.800,33678.100,35249.900,32356.700
23/06/2021,33674.300,32498.300,34784.300,31736.500
22/06/2021,32496.400,31682.700,33272.500,28901.800
21/06/2021,31692.000,35597.900,35708.400,31284.100
20/06/2021,35595.800,35510.900,36097.900,33378.000
19/06/2021,35513.400,35770.000,36357.300,34845.500
18/06/2021,35749.400,38045.500,38166.000,35198.500
17/06/2021,38052.000,38337.800,39529.900,37425.300
16/06/2021,38336.000,40148.100,40494.400,38156.400
15/06/2021,40156.100,40522.500,41318.000,39589.900
14/06/2021,40529.400,39024.100,40970.400,38769.900
13/06/2021,39022.900,35467.500,39321.600,34827.000
12/06/2021,35467.500,37334.400,37437.300,34703.300
11/06/2021,37314.600,36654.300,37641.100,36003.300
10/06/2021,36649.400,37375.200,38340.800,35824.000
09/06/2021,37332.200,33385.500,37517.600,32428.600
08/06/2021,33382.900,33574.600,34047.800,31158.100
07/06/2021,33578.000,35815.400,36754.600,33410.100
06/06/2021,35815.400,35518.700,36434.000,35265.300
05/06/2021,35520.000,36841.200,37887.600,34832.000
04/06/2021,36851.300,39191.400,39255.400,35659.900
03/06/2021,39187.300,37555.700,39462.300,37193.600
02/06/2021,37555.800,36687.700,38199.900,35981.100
01/06/2021,36687.600,37294.300,37850.300,35742.700
31/05/2021,37298.600,35644.000,37480.700,34213.200
30/05/2021,35652.800,34589.300,36388.600,33441.000
29/05/2021,34584.600,35664.500,37227.100,33664.200
28/05/2021,35662.500,38543.200,38844.100,34772.400
27/05/2021,38417.300,39249.000,40322.200,37190.800
26/05/2021,39249.200,38375.700,40750.000,37847.000
25/05/2021,38378.300,38753.600,39740.800,36540.700
24/05/2021,38750.600,34720.300,39851.700,34474.600
23/05/2021,34679.700,37446.800,38248.700,31192.400
22/05/2021,37448.300,37291.000,38776.000,35314.900
21/05/2021,37297.400,40611.200,42108.300,33592.300
20/05/2021,40717.200,36706.800,42425.900,35010.400
19/05/2021,36720.500,42898.300,43516.600,30261.700
18/05/2021,42897.300,43538.500,45770.900,42293.900
17/05/2021,43541.300,46424.200,46545.400,42201.500
16/05/2021,46426.400,46729.300,49764.300,43920.800
15/05/2021,46708.800,49839.100,50640.900,46650.200
14/05/2021,49839.800,49704.900,51459.200,48874.000
13/05/2021,49704.600,49398.200,51337.300,46331.100
12/05/2021,49384.200,56694.500,57938.500,49187.000
11/05/2021,56695.700,55846.100,56871.100,54550.400
10/05/2021,55848.900,58251.200,59523.900,53678.300
09/05/2021,58238.300,58840.600,59227.000,56414.400
08/05/2021,58840.100,57330.300,59471.100,56972.200
07/05/2021,57337.200,56411.400,58639.300,55300.100
06/05/2021,56405.400,57441.000,58364.900,55294.500
05/05/2021,57441.300,53872.500,57936.400,53872.500
04/05/2021,53741.500,57170.600,57201.300,53741.500
03/05/2021,57169.800,56605.800,58925.100,56562.400
02/05/2021,56603.800,57807.200,57868.400,56110.500
01/05/2021,57807.100,57719.100,58449.400,57029.500
30/04/2021,57720.300,53562.300,57925.600,53088.700
29/04/2021,53560.800,54838.600,55173.700,52400.000
28/04/2021,54841.400,55036.000,56419.900,53876.400
27/04/2021,55036.500,54011.100,55427.800,53345.000
26/04/2021,54020.500,48963.500,54320.900,48815.900
25/04/2021,48963.600,50088.200,50532.400,47098.500
24/04/2021,50088.900,51140.800,51183.000,48775.200
23/04/2021,51143.600,51707.100,52099.900,47659.400
22/04/2021,51729.500,53821.300,55408.400,50590.900
21/04/2021,53820.200,56479.500,56764.400,53657.600
20/04/2021,56483.200,55645.100,57054.900,53422.500
19/04/2021,55646.100,56208.100,57517.000,54272.300
18/04/2021,56207.100,60043.200,60362.100,51817.600
17/04/2021,60041.900,61358.300,62509.100,59672.100
16/04/2021,61379.700,63211.600,63518.500,60027.300
15/04/2021,63216.000,62978.600,63729.100,62067.500
14/04/2021,62980.400,63544.200,64778.000,61366.300
13/04/2021,63540.900,59863.600,63659.000,59839.400
12/04/2021,59863.800,59982.100,61259.900,59569.200
11/04/2021,59978.700,59772.400,60667.100,59250.300
10/04/2021,59748.400,58127.400,61229.000,57900.000
09/04/2021,58118.700,58076.800,58890.900,57686.000
08/04/2021,58077.400,55948.000,58136.700,55721.600
07/04/2021,55948.700,57996.300,58627.700,55489.300
06/04/2021,57996.300,59169.000,59487.000,57403.300
05/04/2021,58993.400,58202.300,59205.100,56842.700
04/04/2021,58199.900,57059.700,58464.800,56470.600
03/04/2021,57059.900,58976.800,59770.500,56906.700
02/04/2021,58977.300,58718.200,60134.900,58466.500
01/04/2021,58718.300,58763.200,59406.500,58040.700
31/03/2021,58763.700,58771.400,59795.600,56991.600
30/03/2021,58771.300,57614.600,59366.900,57077.100
29/03/2021,57616.200,55764.700,58392.600,54951.100
28/03/2021,55765.200,55856.900,56504.200,54711.300
27/03/2021,55862.900,55033.800,56531.100,54010.200
26/03/2021,55036.100,51317.400,55074.100,51302.000
25/03/2021,51322.300,52330.000,53175.400,50441.300
24/03/2021,52325.400,54309.100,57169.400,51725.400
23/03/2021,54452.500,54117.500,55813.800,52992.300
22/03/2021,54158.300,57379.300,58379.900,53784.200
21/03/2021,57383.800,58097.400,58583.800,55583.300
20/03/2021,58093.400,58084.100,59882.100,57863.000
19/03/2021,58088.000,57645.000,59448.300,56305.100
18/03/2021,57656.000,58911.800,60088.000,57099.600
17/03/2021,58913.500,56892.900,58933.200,54253.200
16/03/2021,56889.700,55619.500,56889.700,53342.600
15/03/2021,55791.300,59117.400,60565.900,55088.800
14/03/2021,59113.700,61192.700,61673.700,59113.700
13/03/2021,61195.300,57267.400,61795.800,56118.800
12/03/2021,57265.100,57806.200,58052.300,55134.500
11/03/2021,57799.500,55851.200,58135.000,54351.800
10/03/2021,55851.900,54882.700,57328.700,53073.600
09/03/2021,54879.000,52352.400,54880.600,51941.300
08/03/2021,52311.000,50988.900,52384.900,49338.100
07/03/2021,50982.300,48899.000,51434.100,48890.600
06/03/2021,48855.600,48798.700,49191.800,47132.800
05/03/2021,48792.500,48363.600,49429.400,46370.100
04/03/2021,48428.000,50388.000,51757.700,47521.800
03/03/2021,50395.100,48422.200,52567.900,48159.200
02/03/2021,48424.200,49595.600,50191.900,47100.600
01/03/2021,49595.500,45160.500,49774.000,45008.800
28/02/2021,45164.000,46136.000,46582.000,43100.600
27/02/2021,46136.700,46333.100,48335.100,45059.400
26/02/2021,46345.600,46928.500,48413.900,44248.200
25/02/2021,46928.500,49695.900,52013.800,46773.700
24/02/2021,49697.500,48911.100,51311.800,47031.700
23/02/2021,48911.200,54114.100,54115.000,45093.800
22/02/2021,54111.800,57437.600,57480.800,48353.800
21/02/2021,57433.800,55907.600,58335.100,55502.700
20/02/2021,55923.700,55922.000,57523.800,54124.100
19/02/2021,55906.600,51590.100,56238.500,50816.800
18/02/2021,51582.200,52094.500,52524.000,50941.600
17/02/2021,52079.200,49161.300,52577.700,49018.100
16/02/2021,49169.700,47934.200,50515.800,47044.400
15/02/2021,47936.300,48611.100,48936.500,45786.100
14/02/2021,48643.400,47172.100,49695.100,47051.900
13/02/2021,47168.700,47373.100,48097.300,46270.500
12/02/2021,47371.700,47995.000,48927.400,46218.600
11/02/2021,47990.700,44834.800,48622.100,44041.100
10/02/2021,44836.000,46507.800,47295.300,43800.500
09/02/2021,46508.600,46396.400,48143.500,45104.700
08/02/2021,46395.700,38853.600,46596.400,38057.000
07/02/2021,38852.900,39228.900,39691.700,37381.600
06/02/2021,39256.600,38300.600,40939.700,38275.300
05/02/2021,38297.600,36976.400,38303.600,36640.000
04/02/2021,36982.100,37648.900,38707.900,36380.800
03/02/2021,37646.800,35486.900,37646.800,35401.500
02/02/2021,35485.200,33514.000,35976.100,33462.400
01/02/2021,33515.700,33106.800,34685.600,32324.900
31/01/2021,33108.100,34281.600,34348.300,32189.900
30/01/2021,34283.100,34300.000,34920.900,32908.500
29/01/2021,34301.800,33381.700,38546.000,31953.300
28/01/2021,33374.800,30408.900,33790.800,29911.900
27/01/2021,30404.000,32499.600,32545.400,29290.400
26/01/2021,32502.100,32244.100,32917.700,30850.000
25/01/2021,32252.300,32244.300,34854.300,31967.400
24/01/2021,32241.300,32088.500,33034.800,30982.900
23/01/2021,32088.900,32994.100,33441.400,31418.200
22/01/2021,33000.500,30838.700,33821.200,28871.200
21/01/2021,30842.100,35472.300,35591.100,30101.800
20/01/2021,35476.300,35862.100,36384.400,33444.500
19/01/2021,36002.900,36630.600,37821.000,36001.400
18/01/2021,36613.200,35838.200,37436.800,34801.000
17/01/2021,35839.600,36020.100,36801.300,33883.500
16/01/2021,36019.500,36751.800,37931.700,35408.400
15/01/2021,36845.800,39175.700,39715.000,34488.700
14/01/2021,39175.700,37383.400,40054.300,36772.100
13/01/2021,37382.200,34061.200,37764.600,32451.900
12/01/2021,34076.100,35426.000,36598.700,32572.700
11/01/2021,35544.300,38195.300,38217.200,30411.600
10/01/2021,38192.200,40149.700,41362.400,35141.600
09/01/2021,40151.900,40607.200,41363.500,38775.100
08/01/2021,40599.300,39466.400,41921.700,36613.400
07/01/2021,39460.200,36798.500,40340.900,36361.200
06/01/2021,36793.200,33999.300,36934.800,33408.300
05/01/2021,33991.500,32015.400,34414.700,30010.500
04/01/2021,32022.600,33016.600,33587.500,28204.500
03/01/2021,32958.900,32192.900,34755.900,32029.600
02/01/2021,32193.300,29359.700,33233.500,29008.000
01/01/2021,29359.900,28951.700,29627.100,28712.400
31/12/2020,28949.400,28866.800,29298.800,28025.000
30/12/2020,28868.700,27374.500,28979.300,27374.500
29/12/2020,27376.000,27065.300,27390.700,25902.800
28/12/2020,27057.800,26259.200,27444.900,26144.300
27/12/2020,26261.300,26460.300,28360.300,25858.200
26/12/2020,26454.400,24714.700,26826.000,24515.100
25/12/2020,24689.600,23728.700,24778.900,23445.300
24/12/2020,23736.500,23253.200,23783.700,22737.300
23/12/2020,23257.900,23820.800,24063.700,22694.700
22/12/2020,23823.200,22730.400,23825.400,22388.600
21/12/2020,22728.500,23474.100,24101.900,22015.500
20/12/2020,23474.900,23843.600,24280.900,23098.900
19/12/2020,23844.000,23127.600,24107.100,22797.000
18/12/2020,23127.900,22823.300,23272.800,22361.500
17/12/2020,22825.400,21352.300,23738.000,21243.100
16/12/2020,21352.200,19434.700,21525.300,19299.700
15/12/2020,19434.900,19273.900,19556.300,19076.200
14/12/2020,19273.800,19176.400,19346.500,19007.000
13/12/2020,19176.800,18808.100,19403.600,18716.800
12/12/2020,18808.900,18026.700,18936.200,18025.100
11/12/2020,18023.600,18250.500,18288.300,17600.100
10/12/2020,18247.200,18546.100,18551.800,17926.800
09/12/2020,18546.000,18322.400,18637.900,17658.800
08/12/2020,18326.600,19170.800,19288.600,18229.200
07/12/2020,19170.700,19368.400,19424.600,18908.800
06/12/2020,19379.900,19146.000,19417.100,18873.000
05/12/2020,19146.500,18657.500,19172.700,18507.100
04/12/2020,18658.100,19431.100,19529.500,18610.800
03/12/2020,19433.300,19219.800,19596.600,18883.700
02/12/2020,19218.800,18767.900,19335.500,18346.700
01/12/2020,18770.700,19697.800,19897.400,18257.000
30/11/2020,19698.100,18186.000,19831.200,18186.000
29/11/2020,18185.500,17729.700,18336.300,17530.400
28/11/2020,17730.700,17142.600,17874.400,16874.400
27/11/2020,17127.100,17160.900,17450.300,16481.600
26/11/2020,17162.000,18721.900,18894.900,16235.200
25/11/2020,18723.000,19151.500,19486.700,18527.700
24/11/2020,19152.600,18394.600,19416.600,18074.800
23/11/2020,18379.600,18428.100,18756.800,18016.000
22/11/2020,18412.900,18689.300,18751.500,17644.600
21/11/2020,18687.200,18673.800,18966.000,18397.500
20/11/2020,18675.200,17805.500,18811.000,17758.400
19/11/2020,17803.500,17775.100,18166.000,17380.100
18/11/2020,17774.600,17662.300,18466.100,17258.900
17/11/2020,17662.300,16715.800,17845.400,16562.000
16/11/2020,16715.800,15954.100,16880.700,15870.700
15/11/2020,15953.000,16074.700,16158.100,15782.300
14/11/2020,16071.000,16323.100,16328.200,15717.700
13/11/2020,16324.200,16293.000,16474.100,15973.400
12/11/2020,16294.700,15695.800,16342.700,15483.500
11/11/2020,15695.800,15303.100,15953.900,15281.000
10/11/2020,15303.600,15328.000,15465.300,15096.500
09/11/2020,15327.200,15483.300,15819.600,14816.900
08/11/2020,15483.700,14826.600,15648.300,14720.700
07/11/2020,14828.400,15578.200,15754.400,14385.100
06/11/2020,15577.900,15593.900,15955.200,15223.500
05/11/2020,15587.100,14145.600,15739.900,14099.700
04/11/2020,14145.600,14023.000,14238.800,13544.400
03/11/2020,14019.900,13560.500,14054.000,13294.600
02/11/2020,13561.400,13759.700,13828.400,13214.200
01/11/2020,13759.400,13795.500,13889.500,13628.700
31/10/2020,13797.300,13560.200,14065.400,13441.700
30/10/2020,13559.900,13457.000,13667.900,13134.500
29/10/2020,13457.200,13278.300,13640.000,12982.900
28/10/2020,13278.900,13658.300,13851.700,12907.600
27/10/2020,13657.800,13061.500,13782.300,13050.300
26/10/2020,13061.600,13033.000,13229.700,12792.400
25/10/2020,13032.200,13117.000,13345.300,12900.400
24/10/2020,13117.200,12933.600,13161.500,12876.400
23/10/2020,12934.100,12972.700,13025.500,12738.900
22/10/2020,12974.600,12805.500,13183.900,12698.200
21/10/2020,12808.700,11913.600,13213.500,11894.600
20/10/2020,11913.500,11753.900,12029.400,11685.700
19/10/2020,11753.400,11507.100,11823.300,11413.900
18/10/2020,11506.900,11362.100,11506.900,11349.800
17/10/2020,11362.100,11321.800,11402.700,11274.400
16/10/2020,11322.000,11503.200,11542.200,11224.600
15/10/2020,11503.000,11421.400,11590.900,11276.700
14/10/2020,11420.400,11424.400,11541.000,11293.500
13/10/2020,11423.800,11533.500,11558.000,11315.900
12/10/2020,11533.900,11370.800,11715.900,11227.400
11/10/2020,11371.000,11295.600,11439.400,11277.600
10/10/2020,11298.400,11053.500,11475.000,11053.100
09/10/2020,11054.200,10923.500,11103.000,10836.900
08/10/2020,10924.100,10670.700,10948.600,10549.600
07/10/2020,10670.900,10601.000,10680.100,10553.300
06/10/2020,10602.600,10790.200,10800.300,10530.800
05/10/2020,10789.500,10672.500,10789.600,10623.400
04/10/2020,10672.900,10544.400,10693.300,10520.800
03/10/2020,10544.200,10572.200,10597.800,10501.200
02/10/2020,10572.300,10619.600,10662.900,10387.600
01/10/2020,10620.500,10776.600,10913.700,10462.700
30/09/2020,10776.100,10843.400,10847.700,10667.600
29/09/2020,10840.900,10694.300,10858.400,10642.400
28/09/2020,10693.200,10776.400,10946.600,10685.200
27/09/2020,10776.200,10727.900,10799.200,10602.700
26/09/2020,10727.900,10688.900,10793.300,10650.200
25/09/2020,10688.800,10739.900,10756.000,10558.900
24/09/2020,10739.400,10238.100,10787.800,10201.000
23/09/2020,10237.300,10531.500,10535.400,10146.600
22/09/2020,10531.500,10419.400,10570.700,10361.700
21/09/2020,10416.800,10919.900,10987.200,10328.500
20/09/2020,10921.500,11081.600,11081.600,10772.700
19/09/2020,11081.800,10933.000,11177.100,10890.700
18/09/2020,10933.000,10941.300,11029.700,10818.700
17/09/2020,10941.300,10950.100,11039.300,10755.200
16/09/2020,10949.500,10785.200,11093.300,10669.200
15/09/2020,10785.300,10675.200,10931.800,10627.800
14/09/2020,10675.300,10332.700,10744.300,10264.500
13/09/2020,10326.000,10441.700,10579.600,10219.400
12/09/2020,10441.900,10390.200,10476.800,10275.900
11/09/2020,10390.200,10339.800,10398.800,10212.600
10/09/2020,10339.700,10224.300,10480.300,10219.200
09/09/2020,10224.600,10126.800,10343.300,9984.600
08/09/2020,10126.600,10376.900,10434.400,9877.100
07/09/2020,10376.900,10296.400,10400.900,9887.000
06/09/2020,10296.400,10092.200,10337.700,10004.700
05/09/2020,10092.200,10472.300,10558.700,9897.800
04/09/2020,10472.500,10168.700,10614.200,9960.300
03/09/2020,10168.800,11413.200,11442.700,10009.500
02/09/2020,11413.300,11914.400,11947.500,11244.900
01/09/2020,11914.900,11644.200,12045.900,11544.600
31/08/2020,11644.200,11701.100,11760.200,11563.800
30/08/2020,11702.000,11468.100,11704.200,11462.600
29/08/2020,11468.100,11527.800,11576.800,11433.500
28/08/2020,11527.400,11327.500,11539.000,11281.900
27/08/2020,11327.400,11462.300,11580.300,11135.300
26/08/2020,11462.300,11324.900,11533.600,11254.600
25/08/2020,11324.800,11752.900,11766.900,11131.000
24/08/2020,11753.500,11641.600,11824.600,11587.100
23/08/2020,11641.600,11661.100,11705.400,11520.800
22/08/2020,11661.300,11529.200,11677.000,11382.100
21/08/2020,11529.200,11856.900,11877.400,11495.600
20/08/2020,11856.900,11751.000,11881.000,11672.700
19/08/2020,11750.200,11944.400,12013.200,11602.600
18/08/2020,11947.600,12283.000,12381.400,11842.000
17/08/2020,12282.600,11898.800,12444.100,11764.000
16/08/2020,11899.000,11845.500,11922.500,11688.900
15/08/2020,11845.300,11751.100,11964.000,11711.500
14/08/2020,11750.800,11771.100,11835.500,11651.500
13/08/2020,11770.900,11557.200,11772.900,11298.400
12/08/2020,11557.200,11390.400,11605.400,11190.600
11/08/2020,11390.400,11889.200,11931.800,11146.700
10/08/2020,11889.200,11681.100,12041.100,11546.900
09/08/2020,11681.200,11764.400,11792.800,11527.500
08/08/2020,11764.300,11591.600,11805.500,11533.500
07/08/2020,11592.000,11757.100,11901.800,11352.400
06/08/2020,11757.100,11735.000,11898.400,11563.000
05/08/2020,11735.100,11184.800,11771.500,11114.500
04/08/2020,11184.700,11223.800,11407.800,11043.000
03/08/2020,11224.400,11066.900,11461.100,10981.600
02/08/2020,11066.800,11802.600,12061.100,10730.700
01/08/2020,11803.100,11333.200,11847.700,11226.100
31/07/2020,11333.400,11096.500,11434.800,10964.600
30/07/2020,11096.200,11105.800,11164.400,10861.600
29/07/2020,11105.900,10908.400,11336.500,10771.800
28/07/2020,10908.500,10961.100,11046.100,10873.600
27/07/2020,11022.800,9932.700,11367.000,9894.600
26/07/2020,9932.500,9690.000,10086.600,9645.900
25/07/2020,9704.100,9546.700,9729.300,9536.200
24/07/2020,9546.400,9599.200,9626.200,9480.500
23/07/2020,9599.600,9513.600,9646.500,9451.100
22/07/2020,9513.700,9387.400,9523.100,9296.000
21/07/2020,9387.300,9162.300,9426.900,9155.100
20/07/2020,9162.400,9208.100,9218.400,9139.900
19/07/2020,9208.000,9170.100,9224.800,9106.400
18/07/2020,9170.200,9155.800,9198.800,9126.700
17/07/2020,9155.800,9135.400,9181.900,9091.500
16/07/2020,9135.300,9198.700,9224.200,9052.000
15/07/2020,9198.700,9253.600,9270.200,9168.700
14/07/2020,9253.400,9243.100,9274.800,9135.700
13/07/2020,9243.600,9300.500,9329.600,9207.600
12/07/2020,9300.800,9234.200,9337.800,9170.400
11/07/2020,9233.300,9285.800,9295.500,9184.200
10/07/2020,9285.100,9239.000,9309.800,9131.900
09/07/2020,9235.700,9430.100,9434.500,9176.000
08/07/2020,9429.900,9256.300,9458.300,9233.100
07/07/2020,9256.000,9338.800,9371.200,9209.300
06/07/2020,9339.000,9080.400,9363.000,9063.200
05/07/2020,9081.000,9134.300,9149.600,8932.100
04/07/2020,9134.400,9067.100,9182.300,9049.600
03/07/2020,9067.100,9085.000,9120.400,9050.900
02/07/2020,9085.100,9229.900,9259.700,8962.100
01/07/2020,9229.900,9135.900,9289.000,9101.100
30/06/2020,9135.400,9186.000,9199.800,9075.300
29/06/2020,9185.400,9122.800,9229.100,9033.600
28/06/2020,9124.000,9008.400,9185.500,8950.200
27/06/2020,9008.300,9160.500,9190.500,8865.300
26/06/2020,9160.000,9247.500,9296.500,9060.100
25/06/2020,9247.500,9300.800,9327.300,9022.600
24/06/2020,9302.000,9624.600,9667.400,9223.000
23/06/2020,9624.600,9683.900,9715.600,9581.800
22/06/2020,9683.700,9296.500,9751.900,9285.800
21/06/2020,9296.400,9358.800,9411.200,9288.500
20/06/2020,9358.800,9314.000,9394.500,9199.800
19/06/2020,9314.000,9390.300,9424.000,9249.600
18/06/2020,9388.100,9464.600,9480.400,9289.300
17/06/2020,9464.600,9523.600,9543.600,9258.200
16/06/2020,9523.500,9425.600,9577.100,9379.300
15/06/2020,9425.400,9345.500,9489.700,8925.600
14/06/2020,9345.300,9470.700,9474.700,9264.400
13/06/2020,9471.300,9466.500,9484.900,9369.900
12/06/2020,9466.600,9283.700,9547.500,9249.400
11/06/2020,9283.200,9878.900,9945.200,9139.100
10/06/2020,9878.800,9768.800,9970.900,9710.700
09/06/2020,9768.800,9777.700,9857.200,9616.600
08/06/2020,9777.900,9743.400,9788.200,9662.300
07/06/2020,9742.600,9669.600,9791.800,9417.400
06/06/2020,9669.600,9630.800,9733.100,9549.500
05/06/2020,9631.200,9794.000,9846.100,9628.700
04/06/2020,9794.400,9667.200,9864.400,9490.900
03/06/2020,9667.200,9527.000,9667.200,9421.700
02/06/2020,9527.600,10190.700,10207.300,9347.300
01/06/2020,10189.300,9454.500,10301.800,9429.700
31/05/2020,9454.800,9692.900,9695.600,9406.200
30/05/2020,9692.500,9424.800,9729.900,9352.700
29/05/2020,9424.800,9573.400,9596.500,9358.100
28/05/2020,9572.200,9199.800,9610.800,9119.200
27/05/2020,9199.100,8842.300,9210.900,8818.600
26/05/2020,8842.500,8897.700,8994.600,8713.900
25/05/2020,8898.200,8728.000,8959.500,8666.100
24/05/2020,8728.200,9177.900,9292.000,8724.100
23/05/2020,9177.000,9169.800,9303.200,9098.900
22/05/2020,9169.700,9058.200,9253.500,8952.100
21/05/2020,9059.000,9511.600,9567.100,8833.600
20/05/2020,9512.300,9773.000,9829.300,9368.400
19/05/2020,9773.300,9730.800,9883.900,9498.700
18/05/2020,9730.700,9678.400,9930.200,9524.400
17/05/2020,9677.700,9376.600,9866.000,9327.800
16/05/2020,9379.500,9318.100,9579.000,9233.000
15/05/2020,9318.000,9778.600,9819.600,9223.200
14/05/2020,9778.400,9298.700,9887.500,9265.800
13/05/2020,9298.700,8813.900,9384.600,8799.100
12/05/2020,8813.800,8569.800,8964.500,8542.800
11/05/2020,8579.800,8737.600,9129.600,8235.600
10/05/2020,8738.800,9553.900,9569.400,8259.300
09/05/2020,9554.600,9806.000,9910.500,9533.600
08/05/2020,9806.200,9980.100,10018.200,9731.400
07/05/2020,9979.800,9152.700,10033.000,9064.800
06/05/2020,9151.400,9000.600,9373.700,8923.600
05/05/2020,9001.000,8874.200,9078.700,8800.400
04/05/2020,8874.700,8885.500,8945.500,8553.200
03/05/2020,8885.500,8966.200,9169.900,8742.200
02/05/2020,8966.300,8821.600,8986.200,8771.300
01/05/2020,8821.600,8628.600,9040.300,8621.000
30/04/2020,8629.000,8770.600,9437.500,8425.500
29/04/2020,8770.900,7746.700,8918.500,7729.700
28/04/2020,7746.900,7766.000,7770.100,7655.300
27/04/2020,7766.000,7679.400,7768.500,7637.700
26/04/2020,7678.900,7540.400,7679.400,7520.500
25/04/2020,7540.400,7503.900,7684.600,7451.000
24/04/2020,7503.800,7491.300,7583.500,7423.500
23/04/2020,7488.500,7112.800,7655.400,7036.500
22/04/2020,7112.900,6842.500,7137.400,6821.800
21/04/2020,6842.500,6833.400,6919.300,6774.300
20/04/2020,6833.500,7122.900,7207.500,6771.200
19/04/2020,7122.900,7230.900,7238.000,7079.100
18/04/2020,7230.800,7035.900,7259.400,7031.500
17/04/2020,7035.800,7085.500,7142.800,7005.800
16/04/2020,7085.600,6629.100,7159.700,6520.500
15/04/2020,6629.100,6851.300,6929.500,6615.900
14/04/2020,6850.900,6841.800,6970.800,6768.600
13/04/2020,6841.300,6918.100,6920.300,6618.500
12/04/2020,6917.600,6867.900,7158.800,6785.100
11/04/2020,6867.800,6862.700,6931.400,6765.100
10/04/2020,6863.100,7289.000,7294.400,6756.100
09/04/2020,7289.000,7361.100,7361.100,7140.300
08/04/2020,7361.200,7185.600,7396.100,7153.100
07/04/2020,7185.200,7332.300,7440.300,7101.700
06/04/2020,7332.300,6772.800,7335.000,6770.100
05/04/2020,6772.700,6857.500,6889.400,6686.000
04/04/2020,6857.400,6735.900,6958.600,6679.100
03/04/2020,6735.900,6799.900,7026.300,6623.600
02/04/2020,6800.500,6638.800,7182.700,6567.900
01/04/2020,6638.500,6412.400,6661.300,6157.400
31/03/2020,6412.500,6391.100,6513.100,6346.300
30/03/2020,6391.000,5890.400,6576.500,5872.500
29/03/2020,5890.400,6233.200,6258.800,5889.300
28/03/2020,6233.700,6373.400,6374.300,6046.500
27/03/2020,6373.400,6725.500,6813.700,6322.300
26/03/2020,6725.100,6677.900,6772.900,6541.700
25/03/2020,6678.900,6744.800,6930.200,6474.600
24/03/2020,6744.600,6468.800,6814.200,6380.800
23/03/2020,6468.900,5822.000,6564.700,5710.800
22/03/2020,5822.100,6186.900,6394.400,5771.200
21/03/2020,6186.200,6205.600,6438.300,5887.000
20/03/2020,6205.300,6171.600,6858.100,5748.200
19/03/2020,6172.000,5359.200,6379.500,5256.000
18/03/2020,5361.400,5260.700,5373.100,5020.900
17/03/2020,5261.100,5030.200,5432.800,4946.500
16/03/2020,5030.000,5366.400,5369.300,4477.700
15/03/2020,5366.300,5182.900,5863.300,5120.600
14/03/2020,5182.700,5589.400,5634.900,5072.200
13/03/2020,5584.300,4815.200,5934.300,3869.500
12/03/2020,4826.000,7935.200,7963.100,4546.600
11/03/2020,7935.100,7892.100,7976.500,7606.000
10/03/2020,7891.200,7933.000,8145.500,7740.200
09/03/2020,7933.000,8035.800,8158.800,7648.700
08/03/2020,8034.100,8887.800,8888.000,8015.300
07/03/2020,8887.800,9134.200,9180.800,8848.700
06/03/2020,9134.800,9060.600,9165.200,9004.900
05/03/2020,9060.300,8757.900,9147.300,8751.500
04/03/2020,8757.900,8761.300,8840.300,8679.700
03/03/2020,8761.400,8906.100,8911.700,8669.300
02/03/2020,8904.800,8537.500,8961.800,8503.100
01/03/2020,8540.000,8543.800,8737.200,8437.200
29/02/2020,8543.700,8697.100,8793.700,8539.800
28/02/2020,8697.500,8820.100,8898.700,8451.900
27/02/2020,8818.600,8800.100,8968.300,8538.500
26/02/2020,8800.300,9317.100,9368.100,8672.000
25/02/2020,9317.200,9662.600,9672.300,9269.800
24/02/2020,9662.700,9943.200,9981.000,9507.000
23/02/2020,9942.700,9655.600,9965.600,9653.400
22/02/2020,9655.700,9684.500,9706.500,9569.800
21/02/2020,9684.500,9602.200,9747.100,9574.500
20/02/2020,9602.400,9611.900,9681.400,9448.900
19/02/2020,9609.400,10158.600,10230.900,9424.300
18/02/2020,10158.400,9701.500,10230.100,9601.600
17/02/2020,9701.400,9931.700,9951.500,9468.900
16/02/2020,9932.300,9907.400,10056.400,9654.900
15/02/2020,9907.700,10336.000,10369.800,9831.700
14/02/2020,10333.000,10235.500,10372.400,10125.200
13/02/2020,10235.100,10321.900,10482.600,10116.900
12/02/2020,10317.700,10229.300,10435.600,10229.300
11/02/2020,10229.500,9854.000,10314.100,9725.100
10/02/2020,9854.100,10151.500,10181.700,9774.800
09/02/2020,10151.500,9895.400,10157.100,9882.700
08/02/2020,9895.500,9817.300,9931.200,9673.200
07/02/2020,9818.600,9771.900,9872.500,9738.700
06/02/2020,9772.000,9611.800,9854.900,9536.100
05/02/2020,9611.800,9194.100,9726.800,9179.900
04/02/2020,9193.900,9296.500,9347.500,9193.900
03/02/2020,9296.600,9334.600,9582.800,9243.100
02/02/2020,9334.900,9381.500,9465.400,9183.100
01/02/2020,9381.600,9349.300,9458.800,9301.500
31/01/2020,9349.100,9508.300,9525.000,9222.300
30/01/2020,9507.300,9299.100,9569.000,9209.200
29/01/2020,9298.900,9377.300,9428.700,9250.900
28/01/2020,9377.300,8866.600,9389.500,8866.600
27/01/2020,8866.600,8608.100,8983.100,8585.600
26/01/2020,8607.800,8341.600,8607.800,8304.900
25/01/2020,8341.600,8439.900,8447.600,8277.200
24/01/2020,8439.900,8404.900,8522.000,8242.600
23/01/2020,8405.100,8678.500,8687.300,8309.600
22/01/2020,8678.500,8733.000,8805.400,8610.800
21/01/2020,8732.600,8642.000,8770.300,8524.000
20/01/2020,8641.900,8705.700,8740.100,8539.200
19/01/2020,8706.200,8916.300,9183.700,8552.800
18/01/2020,8916.300,8913.000,8982.300,8814.600
17/01/2020,8913.100,8726.700,9005.100,8675.900
16/01/2020,8726.900,8818.100,8850.000,8605.800
15/01/2020,8818.300,8827.900,8904.000,8615.500
14/01/2020,8829.200,8111.200,8898.700,8111.200
13/01/2020,8111.400,8188.300,8196.700,8068.400
12/01/2020,8187.600,8023.300,8189.900,7973.100
11/01/2020,8024.100,8187.800,8262.900,8008.400
10/01/2020,8187.100,7842.500,8187.400,7697.700
09/01/2020,7842.400,8060.000,8065.900,7779.200
08/01/2020,8059.600,8154.200,8436.400,7900.800
07/01/2020,8155.700,7759.100,8182.000,7754.100
06/01/2020,7759.100,7372.600,7783.100,7366.700
05/01/2020,7372.500,7376.800,7501.000,7345.600
04/01/2020,7376.800,7345.100,7433.100,7291.400
03/01/2020,7343.100,6967.100,7402.900,6884.100
02/01/2020,6967.000,7199.700,7209.600,6901.400
01/01/2020,7199.800,7196.400,7259.400,7180.000
31/12/2019,7196.400,7261.500,7331.000,7167.400
30/12/2019,7261.800,7397.500,7420.900,7244.100
29/12/2019,7397.500,7321.600,7518.900,7303.000
28/12/2019,7321.500,7261.900,7375.900,7256.500
27/12/2019,7261.700,7210.800,7293.800,7128.500
26/12/2019,7210.900,7225.000,7414.300,7177.300
25/12/2019,7224.800,7268.300,7542.400,7150.900
24/12/2019,7268.300,7322.400,7433.200,7185.700
23/12/2019,7322.800,7496.200,7684.000,7276.200
22/12/2019,7495.800,7156.300,7501.100,7142.000
21/12/2019,7156.200,7196.400,7197.600,7129.600
20/12/2019,7196.400,7165.500,7218.400,7107.700
19/12/2019,7165.500,7276.400,7354.000,7039.300
18/12/2019,7276.000,6613.500,7387.700,6462.200
17/12/2019,6613.300,6903.500,6943.500,6575.000
16/12/2019,6903.500,7128.500,7153.100,6864.600
15/12/2019,7128.500,7080.800,7175.800,7033.800
14/12/2019,7080.800,7255.200,7267.400,7043.300
13/12/2019,7255.200,7208.400,7288.000,7200.300
12/12/2019,7208.000,7208.000,7272.400,7124.600
11/12/2019,7208.000,7235.800,7284.400,7168.800
10/12/2019,7235.700,7356.200,7400.300,7192.100
09/12/2019,7355.800,7524.800,7626.000,7321.600
08/12/2019,7524.400,7510.800,7576.400,7416.700
07/12/2019,7510.900,7530.400,7595.700,7489.600
06/12/2019,7530.800,7399.200,7552.100,7329.800
05/12/2019,7399.200,7204.600,7476.300,7184.000
04/12/2019,7204.400,7291.900,7702.200,7113.600
03/12/2019,7291.800,7298.100,7389.400,7227.100
02/12/2019,7298.200,7395.900,7433.800,7173.600
01/12/2019,7396.400,7546.500,7546.500,7244.400
30/11/2019,7546.600,7742.700,7787.700,7472.700
29/11/2019,7742.700,7426.600,7825.300,7412.300
28/11/2019,7426.700,7510.600,7639.500,7380.600
27/11/2019,7510.600,7162.800,7636.900,6875.400
26/11/2019,7162.800,7115.500,7329.500,7045.100
25/11/2019,7115.600,6924.700,7352.800,6534.800
24/11/2019,6924.700,7325.000,7344.100,6894.900
23/11/2019,7324.100,7271.600,7342.500,7093.700
22/11/2019,7272.500,7627.900,7700.900,6818.500
21/11/2019,7627.900,8099.400,8129.600,7519.700
20/11/2019,8099.300,8145.700,8223.000,8074.200
19/11/2019,8145.700,8207.700,8245.600,8032.800
18/11/2019,8208.400,8510.300,8516.300,8110.400
17/11/2019,8509.800,8497.400,8631.700,8413.000
16/11/2019,8497.300,8476.200,8532.800,8450.700
15/11/2019,8476.300,8660.800,8761.800,8437.100
14/11/2019,8661.200,8782.900,8799.800,8615.800
13/11/2019,8783.100,8813.200,8829.700,8721.100
12/11/2019,8812.600,8737.400,8841.200,8615.700
11/11/2019,8736.900,9036.900,9066.400,8649.400
10/11/2019,9036.800,8804.700,9092.900,8763.500
09/11/2019,8804.500,8778.100,8877.500,8746.900
08/11/2019,8778.200,9223.600,9254.800,8722.400
07/11/2019,9223.500,9339.200,9367.000,9130.000
06/11/2019,9338.900,9311.200,9424.600,9262.700
05/11/2019,9310.800,9396.100,9452.700,9193.900
04/11/2019,9396.400,9198.700,9500.400,9134.100
03/11/2019,9198.300,9300.500,9359.100,9095.000
02/11/2019,9300.600,9230.300,9356.700,9201.200
01/11/2019,9230.100,9153.100,9270.400,9057.200
31/10/2019,9152.600,9157.900,9378.900,8959.600
30/10/2019,9157.900,9411.300,9411.300,9018.400
29/10/2019,9411.300,9206.500,9531.300,9125.300
28/10/2019,9207.200,9530.100,9866.900,9202.500
27/10/2019,9529.600,9230.600,9773.200,9081.000
26/10/2019,9230.600,8658.400,10540.000,8061.800
25/10/2019,8658.300,7422.800,8697.700,7404.900
24/10/2019,7422.700,7476.800,7501.500,7366.300
23/10/2019,7477.000,8031.000,8055.000,7329.200
22/10/2019,8031.400,8207.400,8289.100,8017.700
21/10/2019,8208.200,8224.100,8315.300,8155.700
20/10/2019,8223.400,7957.400,8288.500,7889.600
19/10/2019,7957.300,7948.300,8060.200,7892.400
18/10/2019,7948.500,8073.300,8116.400,7842.000
17/10/2019,8073.300,8000.400,8118.200,7944.400
16/10/2019,8000.400,8167.100,8185.900,7929.800
15/10/2019,8167.200,8353.400,8400.200,8139.500
14/10/2019,8353.300,8281.300,8374.300,8222.200
13/10/2019,8281.500,8304.300,8450.200,8190.600
12/10/2019,8304.400,8267.600,8394.800,8260.900
11/10/2019,8267.800,8562.200,8751.100,8249.700
10/10/2019,8562.300,8566.800,8638.500,8438.700
09/10/2019,8566.700,8180.100,8655.900,8122.700
08/10/2019,8182.900,8198.500,8323.100,8118.100
07/10/2019,8198.600,7882.600,8293.500,7797.000
06/10/2019,7881.900,8127.300,8145.500,7834.900
05/10/2019,8127.300,8148.000,8185.100,8030.600
04/10/2019,8148.100,8227.600,8233.600,8041.400
03/10/2019,8226.900,8363.600,8391.700,8090.100
02/10/2019,8364.100,8302.700,8374.000,8167.700
01/10/2019,8302.700,8285.000,8486.200,8187.900
30/09/2019,8284.300,8048.900,8318.500,7749.000
29/09/2019,8049.100,8208.000,8226.800,7922.100
28/09/2019,8208.500,8184.500,8297.200,8031.100
27/09/2019,8184.900,8063.800,8257.400,7882.100
26/09/2019,8063.800,8432.500,8463.100,7773.600
25/09/2019,8432.400,8512.300,8729.800,8245.100
24/09/2019,8513.900,9702.700,9793.800,8069.400
23/09/2019,9702.200,10031.300,10048.800,9656.300
22/09/2019,10031.600,9993.000,10075.000,9870.900
21/09/2019,9993.000,10172.800,10177.900,9939.800
20/09/2019,10172.700,10251.500,10279.500,10088.600
19/09/2019,10250.500,10164.600,10297.600,9707.600
18/09/2019,10164.700,10195.700,10257.500,10119.300
17/09/2019,10195.700,10254.600,10273.600,10153.500
16/09/2019,10255.500,10311.300,10360.500,10108.500
15/09/2019,10311.500,10337.300,10360.400,10272.000
14/09/2019,10337.300,10342.200,10421.400,10253.700
13/09/2019,10342.100,10415.200,10441.400,10174.100
12/09/2019,10415.100,10162.400,10447.900,10051.000
11/09/2019,10162.500,10104.900,10257.500,9908.900
10/09/2019,10105.400,10308.700,10379.800,9970.700
09/09/2019,10309.000,10402.100,10478.000,10095.700
08/09/2019,10402.800,10461.600,10578.000,10266.300
07/09/2019,10461.100,10306.900,10556.400,10302.300
06/09/2019,10309.300,10566.700,10896.200,10227.400
05/09/2019,10566.900,10567.800,10630.700,10469.900
04/09/2019,10568.200,10611.600,10783.600,10388.600
03/09/2019,10612.300,10348.100,10756.800,10283.500
02/09/2019,10348.800,9728.800,10431.500,9720.300
01/09/2019,9729.300,9594.700,9799.500,9533.600
31/08/2019,9594.400,9585.500,9677.500,9457.300
30/08/2019,9585.400,9494.100,9675.700,9370.200
29/08/2019,9491.000,9729.100,9729.100,9343.000
28/08/2019,9729.400,10184.700,10271.300,9629.600
27/08/2019,10184.800,10372.200,10387.600,10060.200
26/08/2019,10371.800,10136.000,10568.200,10136.000
25/08/2019,10136.300,10132.100,10307.000,9935.200
24/08/2019,10131.000,10389.400,10415.900,9917.500
23/08/2019,10388.700,10104.900,10434.300,9921.400
22/08/2019,10105.000,10141.100,10218.200,9777.000
21/08/2019,10141.500,10753.300,10797.800,9908.000
20/08/2019,10752.600,10911.200,10941.600,10581.000
19/08/2019,10910.700,10312.800,10923.900,10267.800
18/08/2019,10312.700,10219.300,10494.900,10086.700
17/08/2019,10218.100,10335.500,10460.700,10016.300
16/08/2019,10335.600,10300.900,10734.000,9788.600
15/08/2019,10303.400,10053.300,10448.200,9580.100
14/08/2019,10049.400,10894.200,10894.500,9965.500
13/08/2019,10892.900,11395.000,11445.600,10793.200
12/08/2019,11394.200,11505.100,11508.600,11267.300
11/08/2019,11517.200,11314.600,11728.400,11146.100
10/08/2019,11314.500,12090.500,12185.000,11281.600
09/08/2019,12089.800,12190.000,12225.300,11885.000
08/08/2019,12191.600,12015.900,12236.600,11727.000
07/08/2019,12013.900,11481.000,12114.500,11406.400
06/08/2019,11480.900,11817.600,12291.900,11237.000
05/08/2019,11816.800,10934.800,11922.300,10934.800
04/08/2019,10934.600,10816.100,11017.700,10568.800
03/08/2019,10815.700,10519.900,10893.600,10504.500
02/08/2019,10520.100,10380.500,10664.800,10330.500
01/08/2019,10380.000,10081.900,10459.000,9890.600
31/07/2019,10082.000,9580.300,10100.000,9562.400
30/07/2019,9580.700,9580.000,9703.000,9483.000
29/07/2019,9580.900,9728.500,9835.400,9502.500
28/07/2019,9727.800,9491.100,9798.500,9401.100
27/07/2019,9492.100,9830.400,10232.300,9389.100
26/07/2019,9831.000,9945.200,10436.100,9724.200
25/07/2019,9945.300,9804.700,10203.500,9776.600
24/07/2019,9804.300,9887.200,9945.300,9584.000
23/07/2019,9888.700,10412.800,10414.700,9865.400
22/07/2019,10412.500,10715.100,10806.300,10196.500
21/07/2019,10714.400,10827.000,10883.800,10442.500
20/07/2019,10826.700,10571.900,11155.600,10462.000
19/07/2019,10571.500,10651.600,10758.400,10160.700
18/07/2019,10651.400,9723.100,10787.100,9390.000
17/07/2019,9723.200,9425.100,9983.600,9082.600
16/07/2019,9424.800,10844.000,11019.500,9375.300
15/07/2019,10845.900,10199.900,11064.700,9885.400
14/07/2019,10200.100,11364.300,11448.700,10128.900
13/07/2019,11364.900,11762.800,11798.400,10839.400
12/07/2019,11762.100,11343.700,11881.400,11109.800
11/07/2019,11342.300,12111.600,12111.600,11029.000
10/07/2019,12110.600,12542.800,13134.400,11594.900
09/07/2019,12541.500,12250.600,12772.900,12111.200
08/07/2019,12252.600,11415.800,12332.300,11304.800
07/07/2019,11415.900,11267.900,11524.600,11108.100
06/07/2019,11268.000,10969.800,11650.200,10967.900
05/07/2019,10970.200,11159.700,11381.800,10810.300
04/07/2019,11163.100,11899.300,11948.000,11087.100
03/07/2019,11900.800,10835.900,11931.800,10835.900
02/07/2019,10835.900,10615.500,10923.500,9728.500
01/07/2019,10616.600,10821.400,11254.500,10041.600
30/06/2019,10818.600,11906.000,12179.300,10765.400
29/06/2019,11906.500,12408.000,12422.900,11490.800
28/06/2019,12409.100,11288.400,12461.800,10970.500
27/06/2019,11287.800,13062.400,13422.000,10493.500
26/06/2019,13063.800,11811.600,13929.800,11747.300
25/06/2019,11809.900,11046.600,11833.900,11033.700
24/06/2019,11046.400,10897.300,11114.400,10622.600
23/06/2019,10897.100,10721.500,11361.300,10557.800
22/06/2019,10721.700,10178.100,11160.500,10031.300
21/06/2019,10179.300,9517.700,10184.300,9517.400
20/06/2019,9517.000,9255.000,9583.900,9188.400
19/06/2019,9255.400,9080.700,9295.100,9044.000
18/06/2019,9080.600,9318.900,9336.100,8962.700
17/06/2019,9318.800,8961.000,9438.100,8959.800
16/06/2019,8962.500,8812.200,9332.000,8771.100
15/06/2019,8812.500,8655.800,8856.700,8582.300
14/06/2019,8656.100,8218.600,8685.300,8153.200
13/06/2019,8219.000,8132.400,8306.100,8028.600
12/06/2019,8133.100,7888.000,8198.100,7805.800
11/06/2019,7888.000,7987.800,8010.400,7714.500
10/06/2019,7987.800,7635.000,8012.800,7523.600
09/06/2019,7635.000,7901.600,7937.500,7516.900
08/06/2019,7901.400,7985.300,8044.400,7770.500
07/06/2019,7985.200,7785.800,8099.400,7749.400
06/06/2019,7784.900,7779.600,7861.400,7480.400
05/06/2019,7779.100,7685.600,7885.000,7590.400
04/06/2019,7685.500,8118.100,8118.100,7494.000
03/06/2019,8124.800,8728.600,8734.900,8102.700
02/06/2019,8728.600,8545.800,8807.700,8534.800
01/06/2019,8545.700,8556.900,8615.800,8454.000
31/05/2019,8558.300,8271.400,8578.800,8135.000
30/05/2019,8271.900,8647.800,9045.900,8054.700
29/05/2019,8647.800,8715.600,8747.200,8435.300
28/05/2019,8716.300,8759.400,8794.100,8568.800
27/05/2019,8760.100,8628.900,8902.800,8607.300
26/05/2019,8630.200,8029.600,8718.600,7866.500
25/05/2019,8027.400,7971.400,8090.100,7919.100
24/05/2019,7970.100,7852.800,8124.100,7775.400
23/05/2019,7852.100,7637.200,7939.100,7486.800
22/05/2019,7635.700,7928.700,7999.000,7545.900
21/05/2019,7930.300,7965.000,8056.800,7813.200
20/05/2019,7965.300,8156.400,8156.400,7604.000
19/05/2019,8157.200,7261.900,8253.400,7252.300
18/05/2019,7262.600,7359.900,7458.500,7189.400
17/05/2019,7359.500,7871.900,7924.000,6998.600
16/05/2019,7871.800,8164.800,8293.300,7720.400
15/05/2019,8164.600,7994.800,8225.300,7856.500
14/05/2019,7994.600,7806.400,8323.900,7674.000
13/05/2019,7806.000,6984.700,8058.300,6893.100
12/05/2019,6984.800,7190.000,7518.900,6802.600
11/05/2019,7190.300,6386.600,7373.800,6386.500
10/05/2019,6386.000,6194.300,6466.600,6157.800
09/05/2019,6191.500,5990.500,6206.000,5990.000
08/05/2019,5990.300,5849.400,6011.300,5799.100
07/05/2019,5849.500,5745.500,6019.800,5745.500
06/05/2019,5745.100,5775.100,5801.400,5630.500
05/05/2019,5774.900,5830.800,5838.200,5708.200
04/05/2019,5830.900,5768.000,5899.200,5605.000
03/05/2019,5766.800,5493.600,5844.200,5478.700
02/05/2019,5493.800,5384.600,5530.800,5370.000
01/05/2019,5384.200,5321.100,5396.300,5319.500
30/04/2019,5320.800,5235.400,5336.600,5195.900
29/04/2019,5235.000,5302.400,5322.900,5188.900
28/04/2019,5302.300,5265.700,5332.500,5234.400
27/04/2019,5265.900,5298.200,5318.100,5225.400
26/04/2019,5298.300,5209.200,5469.300,5159.300
25/04/2019,5209.100,5415.600,5528.200,5137.400
24/04/2019,5415.600,5511.200,5589.600,5346.800
23/04/2019,5511.600,5346.500,5594.400,5291.400
22/04/2019,5346.700,5248.200,5370.200,5170.200
21/04/2019,5243.500,5290.200,5308.200,5189.800
20/04/2019,5290.200,5241.000,5327.000,5240.200
19/04/2019,5241.000,5264.800,5282.400,5192.100
18/04/2019,5264.700,5208.300,5293.100,5205.000
17/04/2019,5208.300,5182.100,5230.900,5165.500
16/04/2019,5180.900,5031.400,5198.400,5014.400
15/04/2019,5032.300,5135.100,5168.000,4964.200
14/04/2019,5134.800,5052.000,5153.500,5010.700
13/04/2019,5051.800,5054.200,5093.400,5011.600
12/04/2019,5054.200,5022.700,5080.500,4889.200
11/04/2019,5022.600,5307.700,5337.000,4948.000
10/04/2019,5307.800,5158.400,5404.100,5142.900
09/04/2019,5158.400,5245.000,5245.900,5095.200
08/04/2019,5245.200,5173.500,5300.600,5060.500
07/04/2019,5173.600,5046.100,5219.500,5033.700
06/04/2019,5046.200,5010.000,5198.400,4947.900
05/04/2019,5010.200,4902.500,5029.400,4888.300
04/04/2019,4902.400,4968.700,5042.500,4789.200
03/04/2019,4968.700,4859.300,5278.400,4814.000
02/04/2019,4859.300,4145.100,4899.600,4143.500
01/04/2019,4145.100,4102.300,4159.100,4076.800
31/03/2019,4102.300,4111.800,4121.900,4082.200
30/03/2019,4111.800,4103.700,4138.100,4057.100
29/03/2019,4102.200,4025.700,4123.100,4022.600
28/03/2019,4025.600,4041.700,4041.700,4008.400
27/03/2019,4041.700,3942.800,4043.300,3936.200
26/03/2019,3942.800,3937.100,3950.700,3899.900
25/03/2019,3937.000,3994.800,4000.500,3897.900
24/03/2019,3994.700,4002.600,4005.700,3967.000
23/03/2019,4002.500,3990.400,4018.200,3980.800
22/03/2019,3990.400,3982.200,4005.700,3971.800
21/03/2019,3982.200,4041.200,4064.000,3923.800
20/03/2019,4041.200,4017.000,4050.000,3985.300
19/03/2019,4017.000,3990.200,4029.900,3972.400
18/03/2019,3990.200,3981.500,4032.300,3958.500
17/03/2019,3981.500,4006.400,4009.800,3956.300
16/03/2019,4006.400,3924.400,4050.600,3923.700
15/03/2019,3924.300,3879.000,3935.700,3874.800
14/03/2019,3879.000,3865.100,3914.700,3828.400
13/03/2019,3865.100,3885.900,3894.700,3847.400
12/03/2019,3886.000,3870.300,3900.100,3817.100
11/03/2019,3870.300,3915.200,3935.500,3842.400
10/03/2019,3915.200,3944.400,3944.500,3889.200
09/03/2019,3944.300,3865.600,3964.000,3859.700
08/03/2019,3865.900,3875.100,3929.000,3810.700
07/03/2019,3875.100,3863.100,3907.400,3847.900
06/03/2019,3863.000,3857.200,3887.300,3816.700
05/03/2019,3857.200,3715.900,3873.200,3705.700
04/03/2019,3715.900,3809.700,3828.400,3681.800
03/03/2019,3809.500,3823.200,3836.600,3789.700
02/03/2019,3823.100,3821.900,3843.200,3783.600
01/03/2019,3821.900,3816.700,3855.800,3816.400
28/02/2019,3816.600,3814.600,3883.700,3783.300
27/02/2019,3814.600,3810.300,3836.400,3701.900
26/02/2019,3810.300,3833.500,3845.500,3775.000
25/02/2019,3833.700,3755.700,3870.700,3753.800
24/02/2019,3755.200,4120.500,4194.200,3738.700
23/02/2019,4120.400,3965.200,4152.600,3939.400
22/02/2019,3965.200,3937.400,3983.100,3931.700
21/02/2019,3936.600,3972.000,4011.500,3909.200
20/02/2019,3972.400,3914.300,3983.600,3881.200
19/02/2019,3914.300,3896.400,3993.800,3863.700
18/02/2019,3896.000,3664.200,3903.700,3655.100
17/02/2019,3664.200,3616.800,3689.900,3607.900
16/02/2019,3616.800,3604.700,3641.900,3599.700
15/02/2019,3604.700,3592.600,3648.300,3581.400
14/02/2019,3592.600,3611.500,3624.500,3580.200
13/02/2019,3611.500,3632.000,3663.500,3599.200
12/02/2019,3632.000,3631.800,3656.400,3594.400
11/02/2019,3631.800,3678.800,3681.100,3623.800
10/02/2019,3679.000,3661.000,3680.600,3617.100
09/02/2019,3661.400,3661.600,3675.300,3633.200
08/02/2019,3661.700,3397.300,3721.100,3382.500
07/02/2019,3397.700,3404.900,3421.800,3390.300
06/02/2019,3404.300,3468.500,3478.000,3383.900
05/02/2019,3468.400,3463.000,3485.900,3450.300
04/02/2019,3462.800,3459.000,3479.700,3437.100
03/02/2019,3459.100,3502.300,3507.800,3431.300
02/02/2019,3502.500,3467.900,3514.500,3447.800
01/02/2019,3467.900,3437.700,3485.700,3415.300
31/01/2019,3437.200,3460.000,3484.700,3427.000
30/01/2019,3460.000,3414.600,3479.000,3394.200
29/01/2019,3414.800,3442.800,3450.100,3368.200
28/01/2019,3442.800,3555.800,3561.200,3395.700
27/01/2019,3555.600,3570.900,3583.200,3509.200
26/01/2019,3570.900,3572.000,3652.500,3556.100
25/01/2019,3572.000,3574.300,3582.600,3542.200
24/01/2019,3574.300,3561.400,3587.000,3539.700
23/01/2019,3561.500,3580.100,3608.300,3532.800
22/01/2019,3580.100,3536.900,3607.900,3465.200
21/01/2019,3536.700,3542.700,3561.400,3505.400
20/01/2019,3542.300,3676.200,3699.100,3503.900
19/01/2019,3677.800,3605.800,3715.200,3604.100
18/01/2019,3605.600,3626.300,3627.900,3575.700
17/01/2019,3626.400,3588.100,3636.700,3554.800
16/01/2019,3588.000,3570.600,3644.100,3561.400
15/01/2019,3571.300,3637.500,3660.800,3545.700
14/01/2019,3638.100,3490.400,3672.000,3490.400
13/01/2019,3490.200,3597.300,3617.600,3473.200
12/01/2019,3597.200,3616.600,3633.900,3561.300
11/01/2019,3616.500,3603.300,3655.700,3563.100
10/01/2019,3603.700,3978.900,4007.700,3562.100
09/01/2019,3978.000,3971.000,4014.200,3957.500
08/01/2019,3971.000,3985.800,4070.500,3943.100
07/01/2019,3985.900,4004.300,4028.000,3945.500
06/01/2019,4004.100,3785.700,4034.100,3758.500
05/01/2019,3785.400,3802.800,3846.700,3769.000
04/01/2019,3802.700,3780.500,3823.900,3720.000
03/01/2019,3780.100,3874.100,3875.800,3753.000
02/01/2019,3873.800,3809.700,3894.800,3768.100
01/01/2019,3809.400,3709.500,3814.300,3664.400
31/12/2018,3709.400,3815.100,3819.600,3658.800
30/12/2018,3815.000,3708.200,3837.700,3682.500
29/12/2018,3706.800,3861.600,3899.600,3696.000
28/12/2018,3861.600,3587.100,3900.300,3565.500
27/12/2018,3586.900,3793.400,3822.600,3560.800
26/12/2018,3793.700,3762.800,3841.900,3680.300
25/12/2018,3762.500,4025.600,4030.700,3676.500
24/12/2018,4026.100,3944.500,4208.200,3941.900
23/12/2018,3944.400,3964.300,4037.100,3904.600
22/12/2018,3964.400,3850.900,3977.200,3803.700
21/12/2018,3850.900,4075.200,4153.100,3786.900
20/12/2018,4076.000,3687.200,4140.300,3665.800
19/12/2018,3687.100,3668.100,3924.700,3647.500
18/12/2018,3668.000,3526.000,3683.100,3456.900
17/12/2018,3526.100,3248.300,3597.400,3243.100
16/12/2018,3247.900,3228.600,3305.000,3225.900
15/12/2018,3228.700,3247.800,3282.300,3177.000
14/12/2018,3247.800,3315.400,3336.600,3199.100
13/12/2018,3315.300,3466.200,3474.400,3284.800
12/12/2018,3466.100,3390.200,3510.200,3379.400
11/12/2018,3407.700,3460.400,3485.900,3349.900
10/12/2018,3460.500,3566.900,3622.400,3412.700
09/12/2018,3567.500,3430.300,3677.600,3424.200
08/12/2018,3430.400,3422.300,3507.700,3302.900
07/12/2018,3422.200,3508.900,3626.600,3251.800
06/12/2018,3508.600,3771.400,3887.200,3505.700
05/12/2018,3771.600,3958.100,3974.100,3765.200
04/12/2018,3958.500,3899.900,4082.900,3809.300
03/12/2018,3897.800,4160.300,4177.000,3839.900
02/12/2018,4160.400,4196.200,4316.100,4105.300
01/12/2018,4196.200,4038.700,4299.100,3967.100
30/11/2018,4039.700,4296.800,4340.600,3954.500
29/11/2018,4296.500,4265.500,4440.100,4140.600
28/11/2018,4265.400,3866.400,4391.800,3866.400
27/11/2018,3866.500,3840.300,3920.600,3687.800
26/11/2018,3837.000,4061.000,4179.000,3679.800
25/11/2018,4062.200,3920.300,4198.400,3634.200
24/11/2018,3920.400,4397.300,4494.600,3821.500
23/11/2018,4398.000,4360.900,4455.600,4223.700
22/11/2018,4356.000,4646.400,4695.700,4346.700
21/11/2018,4638.700,4523.000,4743.700,4393.000
20/11/2018,4524.600,4883.600,5013.400,4272.300
19/11/2018,4883.800,5660.400,5662.500,4831.100
18/11/2018,5658.300,5621.000,5727.900,5615.500
17/11/2018,5621.800,5636.200,5645.500,5561.400
16/11/2018,5636.200,5723.500,5747.700,5539.700
15/11/2018,5718.900,5854.000,5878.500,5384.100
14/11/2018,5842.400,6428.900,6453.300,5619.200
13/11/2018,6429.200,6435.000,6466.800,6386.700
12/11/2018,6435.000,6445.000,6475.900,6409.400
11/11/2018,6446.100,6427.100,6451.700,6359.000
10/11/2018,6427.100,6411.900,6461.700,6411.700
09/11/2018,6412.000,6473.800,6496.100,6390.000
08/11/2018,6474.000,6565.300,6577.300,6466.300
07/11/2018,6565.300,6503.100,6594.300,6502.000
06/11/2018,6502.800,6460.400,6509.600,6441.600
05/11/2018,6459.700,6478.200,6489.200,6431.700
04/11/2018,6478.200,6386.200,6508.900,6359.700
03/11/2018,6386.200,6424.500,6429.500,6346.200
02/11/2018,6424.700,6400.500,6444.300,6390.900
01/11/2018,6400.500,6365.900,6421.800,6354.200
31/10/2018,6365.900,6327.900,6405.700,6257.800
30/10/2018,6325.700,6336.700,6469.900,6316.500
29/10/2018,6335.000,6486.100,6498.400,6310.500
28/10/2018,6486.100,6494.600,6502.200,6461.200
27/10/2018,6494.200,6510.000,6534.000,6473.700
26/10/2018,6510.000,6507.000,6570.500,6498.500
25/10/2018,6507.000,6532.500,6544.800,6491.500
24/10/2018,6530.700,6531.200,6593.800,6522.600
23/10/2018,6528.700,6558.600,6573.600,6500.500
22/10/2018,6555.800,6583.000,6612.700,6529.500
21/10/2018,6583.000,6575.900,6643.100,6568.000
20/10/2018,6572.200,6511.700,6593.700,6495.900
19/10/2018,6512.000,6576.400,6603.200,6506.900
18/10/2018,6574.100,6690.100,6736.300,6530.600
17/10/2018,6686.600,6718.900,6745.900,6637.800
16/10/2018,6705.300,6712.400,6836.700,6645.400
15/10/2018,6699.800,6326.800,7358.400,6300.200
14/10/2018,6326.800,6321.600,6390.900,6300.000
13/10/2018,6321.700,6291.300,6329.300,6282.800
12/10/2018,6291.300,6239.200,6344.800,6206.800
11/10/2018,6239.100,6618.000,6622.500,6206.200
10/10/2018,6618.000,6650.600,6653.500,6526.000
09/10/2018,6650.800,6669.600,6678.900,6613.300
08/10/2018,6669.600,6611.000,6699.500,6589.900
07/10/2018,6611.000,6596.300,6633.900,6523.800
06/10/2018,6596.300,6639.100,6661.500,6550.400
05/10/2018,6639.100,6584.200,6682.300,6537.600
04/10/2018,6584.200,6509.200,6653.000,6487.800
03/10/2018,6507.800,6549.900,6563.500,6429.600
02/10/2018,6549.900,6608.200,6645.700,6034.900
01/10/2018,6608.200,6635.200,6674.700,6072.700
30/09/2018,6635.200,6603.900,6673.900,6533.500
29/09/2018,6603.900,6633.900,6648.400,6464.400
28/09/2018,6636.000,6685.700,6809.200,6538.600
27/09/2018,6689.200,6463.700,6738.300,6428.800
26/09/2018,6468.100,6443.000,6551.900,6384.100
25/09/2018,6445.100,6590.600,6590.600,5977.000
24/09/2018,6584.100,6713.300,6728.100,6559.100
23/09/2018,6704.100,6729.600,6789.400,6666.400
22/09/2018,6729.600,6766.700,6833.300,6635.500
21/09/2018,6766.700,6490.900,6780.500,6489.800
20/09/2018,6489.200,6390.400,6537.500,6346.400
19/09/2018,6390.400,6342.000,6478.700,6144.500
18/09/2018,6342.000,6251.900,6388.800,6228.800
17/09/2018,6251.900,6500.200,6533.500,6215.900
16/09/2018,6500.200,6519.000,6520.800,6406.200
15/09/2018,6519.000,6482.600,6562.900,6470.300
14/09/2018,6483.700,6482.900,6579.400,6412.100
13/09/2018,6482.900,6338.000,6867.300,6337.800
12/09/2018,6338.000,6293.900,6353.500,6204.500
11/09/2018,6293.900,6320.700,6391.800,6189.600
10/09/2018,6321.000,6238.500,6358.500,6237.300
09/09/2018,6238.500,6184.300,6432.600,6148.800
08/09/2018,6184.300,6390.900,6484.300,6132.300
07/09/2018,6390.900,6514.100,6540.600,6316.200
06/09/2018,6514.000,6706.800,6732.900,6337.800
05/09/2018,6706.800,7377.500,7407.500,6691.800
04/09/2018,7377.500,7264.200,7409.900,7234.500
03/09/2018,7264.200,7289.800,7330.700,7182.800
02/09/2018,7293.900,7189.600,7334.800,7117.300
01/09/2018,7189.600,7032.400,7264.300,7020.400
31/08/2018,7033.800,6993.700,7080.200,6698.000
30/08/2018,6993.700,7029.200,7050.200,6798.000
29/08/2018,7029.100,7074.600,7121.400,6926.700
28/08/2018,7074.600,6897.600,7129.700,6861.200
27/08/2018,6897.600,6712.700,6902.900,6650.400
26/08/2018,6712.700,6734.900,6892.700,6573.100
25/08/2018,6734.800,6680.600,6783.400,6655.300
24/08/2018,6680.400,6521.200,6721.200,6472.800
23/08/2018,6521.200,6359.900,6550.200,6359.200
22/08/2018,6359.600,6482.200,6840.800,6304.800
21/08/2018,6482.200,6268.100,6484.100,6257.400
20/08/2018,6268.100,6474.200,6516.400,6255.900
19/08/2018,6481.500,6379.100,6534.800,6316.000
18/08/2018,6379.100,6581.800,6626.400,6295.500
17/08/2018,6581.700,6306.700,6581.700,6291.800
16/08/2018,6306.700,6256.900,6470.900,6249.800
15/08/2018,6256.900,6190.200,6592.800,6177.900
14/08/2018,6190.200,6255.300,6255.300,5898.300
13/08/2018,6255.300,6313.000,6524.100,6159.600
12/08/2018,6313.000,6232.100,6453.000,6169.800
11/08/2018,6231.600,6152.800,6469.600,6009.800
10/08/2018,6152.300,6539.500,6570.200,6043.400
09/08/2018,6538.800,6283.700,6620.200,6197.000
08/08/2018,6283.600,6725.200,6725.200,6138.800
07/08/2018,6724.900,6943.600,7149.700,6689.900
06/08/2018,6943.600,7027.800,7143.600,6852.500
05/08/2018,7027.100,7014.000,7087.600,6887.900
04/08/2018,7014.300,7418.900,7484.200,6949.700
03/08/2018,7419.000,7535.600,7535.600,7293.500
02/08/2018,7535.600,7606.400,7701.400,7470.600
01/08/2018,7606.400,7728.500,7753.200,7449.200
31/07/2018,7729.400,8176.400,8176.500,7649.800
30/07/2018,8177.100,8214.700,8262.000,7874.400
29/07/2018,8215.600,8231.500,8275.400,8113.300
28/07/2018,8234.100,8186.800,8234.100,8077.400
27/07/2018,8187.400,7936.900,8273.800,7808.300
26/07/2018,7937.000,8173.900,8304.300,7861.000
25/07/2018,8173.700,8404.900,8484.600,8062.100
24/07/2018,8407.000,7723.100,8479.800,7701.900
23/07/2018,7723.000,7412.400,7809.600,7379.200
22/07/2018,7412.300,7409.000,7575.300,7343.700
21/07/2018,7408.700,7339.300,7460.800,7223.500
20/07/2018,7339.400,7477.600,7683.600,7292.000
19/07/2018,7477.500,7383.900,7558.400,7288.800
18/07/2018,7383.600,7321.600,7581.200,7249.300
17/07/2018,7322.000,6729.800,7453.200,6666.000
16/07/2018,6729.900,6362.800,6749.200,6344.100
15/07/2018,6362.900,6254.800,6399.600,6238.500
14/07/2018,6254.800,6229.500,6313.500,6192.500
13/07/2018,6230.200,6250.800,6333.800,6144.500
12/07/2018,6250.600,6389.100,6389.400,6088.800
11/07/2018,6389.100,6307.200,6409.700,6296.600
10/07/2018,6307.200,6668.400,6686.800,6291.500
09/07/2018,6667.100,6715.100,6793.800,6637.700
08/07/2018,6714.800,6765.400,6784.000,6694.300
07/07/2018,6765.500,6617.700,6805.900,6531.100
06/07/2018,6617.700,6546.500,6638.200,6458.300
05/07/2018,6546.500,6598.000,6693.600,6466.100
04/07/2018,6598.400,6513.800,6774.500,6442.300
03/07/2018,6513.500,6618.600,6676.600,6513.500
02/07/2018,6619.500,6349.100,6680.000,6275.000
01/07/2018,6366.800,6398.500,6445.100,6284.700
30/06/2018,6398.900,6213.400,6498.500,6204.000
29/06/2018,6213.300,5883.200,6284.900,5818.500
28/06/2018,5883.500,6154.900,6178.400,5854.000
27/06/2018,6154.900,6081.100,6187.300,6025.400
26/06/2018,6082.100,6256.900,6267.700,6060.000
25/06/2018,6256.600,6155.100,6331.200,6101.700
24/06/2018,6154.600,6167.900,6248.300,5785.300
23/06/2018,6167.300,6055.200,6259.000,6032.800
22/06/2018,6055.700,6728.200,6739.700,5955.000
21/06/2018,6728.000,6765.800,6797.500,6695.100
20/06/2018,6765.400,6752.300,6812.700,6575.100
19/06/2018,6752.400,6719.800,6839.500,6681.500
18/06/2018,6719.800,6460.500,6794.500,6410.900
17/06/2018,6460.300,6505.800,6593.000,6452.100
16/06/2018,6505.800,6410.000,6564.200,6358.000
15/06/2018,6410.300,6647.300,6655.800,6395.700
14/06/2018,6647.100,6312.300,6711.500,6283.600
13/06/2018,6312.300,6558.500,6624.600,6129.100
12/06/2018,6558.200,6885.900,6887.200,6476.000
11/06/2018,6885.900,6775.200,6910.800,6657.200
10/06/2018,6775.100,7515.800,7516.300,6668.100
09/06/2018,7515.800,7622.100,7689.000,7493.300
08/06/2018,7622.100,7697.900,7710.500,7556.900
07/06/2018,7697.800,7661.000,7754.700,7657.700
06/06/2018,7661.000,7631.500,7699.100,7504.400
05/06/2018,7631.500,7507.400,7672.600,7391.000
04/06/2018,7504.300,7729.300,7759.900,7468.400
03/06/2018,7729.300,7646.600,7775.000,7611.300
02/06/2018,7646.600,7530.800,7694.500,7467.900
01/06/2018,7530.800,7502.500,7610.400,7375.800
31/05/2018,7502.600,7400.800,7611.900,7355.000
30/05/2018,7400.100,7469.200,7565.200,7306.800
29/05/2018,7467.700,7119.300,7533.000,7069.800
28/05/2018,7119.300,7367.300,7446.900,7090.600
27/05/2018,7366.700,7361.900,7411.800,7267.500
26/05/2018,7361.300,7478.500,7619.300,7331.500
25/05/2018,7477.700,7593.900,7653.400,7355.600
24/05/2018,7592.900,7512.300,7736.600,7293.400
23/05/2018,7512.300,8005.700,8047.400,7467.600
22/05/2018,8006.000,8403.800,8414.500,7979.300
21/05/2018,8403.300,8529.500,8550.600,8375.500
20/05/2018,8529.000,8243.900,8580.400,8184.700
19/05/2018,8245.100,8244.700,8389.100,8153.200
18/05/2018,8245.700,8064.400,8273.600,7939.800
17/05/2018,8063.000,8344.600,8458.700,8022.300
16/05/2018,8344.400,8477.000,8496.400,8120.100
15/05/2018,8477.000,8674.000,8842.100,8436.500
14/05/2018,8674.100,8693.400,8878.300,8305.100
13/05/2018,8693.500,8489.100,8758.400,8330.000
12/05/2018,8459.500,8409.600,8646.100,8184.100
11/05/2018,8408.300,9026.000,9028.700,8359.600
10/05/2018,9025.700,9319.200,9393.300,9013.400
09/05/2018,9319.100,9194.900,9377.900,8988.000
08/05/2018,9196.400,9373.900,9404.400,9079.800
07/05/2018,9431.600,9651.100,9675.600,9204.200
06/05/2018,9656.400,9859.600,9957.700,9446.700
05/05/2018,9853.500,9709.500,9992.800,9691.300
04/05/2018,9708.600,9747.600,9800.900,9549.000
03/05/2018,9749.700,9244.200,9809.400,9171.400
02/05/2018,9243.200,9076.800,9265.700,8991.900
01/05/2018,9074.900,9245.100,9245.100,8851.000
30/04/2018,9245.100,9415.800,9456.700,9135.400
29/04/2018,9415.100,9352.200,9565.100,9182.800
28/04/2018,9352.400,8940.800,9428.900,8895.500
27/04/2018,8940.900,9282.800,9386.300,8920.200
26/04/2018,9287.000,8874.500,9303.600,8669.800
25/04/2018,8873.100,9645.000,9753.100,8768.100
24/04/2018,9645.300,8952.700,9734.800,8937.000
23/04/2018,8952.800,8809.300,9001.000,8785.300
22/04/2018,8806.700,8923.600,9022.300,8766.500
21/04/2018,8923.100,8867.000,9027.700,8614.500
20/04/2018,8867.000,8292.300,8926.200,8224.500
19/04/2018,8290.800,8179.000,8303.700,8126.700
18/04/2018,8178.400,7908.500,8227.600,7895.300
17/04/2018,7908.600,8070.000,8171.700,7852.800
16/04/2018,8070.000,8362.200,8412.900,7908.500
15/04/2018,8363.600,8004.600,8411.500,8004.600
14/04/2018,8004.400,7891.100,8180.200,7839.300
13/04/2018,7887.400,7926.900,8228.000,7756.600
12/04/2018,7926.600,6963.300,8009.600,6779.300
11/04/2018,6962.100,6855.600,6988.600,6818.400
10/04/2018,6854.800,6782.600,6899.500,6671.600
09/04/2018,6781.900,7035.700,7192.500,6633.200
08/04/2018,7030.500,6905.900,7113.400,6903.900
07/04/2018,6905.700,6624.500,7071.900,6616.100
06/04/2018,6624.300,6783.700,6859.700,6523.400
05/04/2018,6782.000,6808.700,6918.200,6592.500
04/04/2018,6808.900,7423.800,7432.900,6726.900
03/04/2018,7424.200,7067.200,7519.300,7032.900
02/04/2018,7068.400,6825.400,7121.300,6787.600
01/04/2018,6825.200,6939.100,7047.700,6460.100
31/03/2018,6938.200,6856.500,7221.500,6804.900
30/03/2018,6853.700,7132.400,7288.100,6603.800
29/03/2018,7129.200,7955.200,7980.700,6954.900
28/03/2018,7954.900,7803.000,8110.400,7754.500
27/03/2018,7801.700,8146.500,8218.300,7760.600
26/03/2018,8143.500,8474.000,8515.700,7865.900
25/03/2018,8473.200,8549.100,8679.000,8392.200
24/03/2018,8547.400,8917.300,9008.800,8523.600
23/03/2018,8916.800,8725.300,8917.000,8305.600
22/03/2018,8726.200,8903.700,9096.200,8499.100
21/03/2018,8905.900,8912.400,9173.400,8775.100
20/03/2018,8912.600,8614.100,9039.600,8326.800
19/03/2018,8616.800,8200.900,8698.300,8127.700
18/03/2018,8201.200,7873.200,8283.600,7323.300
17/03/2018,7874.900,8198.000,8344.800,7760.200
16/03/2018,8289.200,8264.300,8604.800,7929.100
15/03/2018,8264.400,8210.200,8427.000,7691.700
14/03/2018,8210.600,9154.900,9353.400,7958.500
13/03/2018,9154.900,9138.700,9482.000,8875.100
12/03/2018,9137.400,9535.800,9892.200,8804.100
11/03/2018,9529.600,8732.200,9719.600,8516.400
10/03/2018,8762.000,9216.200,9500.000,8691.100
09/03/2018,9217.000,9301.900,9420.500,8351.000
08/03/2018,9300.000,9910.700,10109.000,9037.000
07/03/2018,9902.900,10779.000,10899.000,9422.100
06/03/2018,10675.100,11314.200,11316.400,10412.000
05/03/2018,11330.600,11415.700,11506.900,11281.200
04/03/2018,11416.500,11402.800,11490.300,10878.400
03/03/2018,11402.300,10822.500,11420.700,9585.500
02/03/2018,10827.700,10904.500,11167.000,10677.100
01/03/2018,10904.500,10335.100,11047.800,10248.700
28/02/2018,10333.900,10584.400,11070.700,10303.400
27/02/2018,10594.400,10287.800,10867.200,10120.500
26/02/2018,10285.100,9590.900,10378.400,9410.300
25/02/2018,9585.200,9703.100,9860.300,9330.100
24/02/2018,9704.300,10163.800,10506.100,9394.500
23/02/2018,10170.400,9840.600,10419.100,9597.800
22/02/2018,9841.700,10470.100,10930.200,9743.900
21/02/2018,10473.000,11240.900,11289.700,10252.200
20/02/2018,11238.700,11169.700,11791.500,11119.900
19/02/2018,11169.400,10396.600,11250.500,10324.800
18/02/2018,10398.800,11073.700,11271.600,10137.200
17/02/2018,11073.500,10177.300,11095.900,10070.900
16/02/2018,10178.700,10031.300,10294.300,9707.700
15/02/2018,10037.300,9475.600,10206.800,9348.500
14/02/2018,9476.300,8542.600,9500.000,8541.600
13/02/2018,8539.200,8906.200,8942.700,8378.000
12/02/2018,8903.500,8083.600,8984.900,8083.600
11/02/2018,8081.900,8559.700,8564.200,7843.700
10/02/2018,8559.600,8697.300,9066.600,8172.200
09/02/2018,8699.800,8163.600,8735.600,7784.600
08/02/2018,8164.200,7595.100,8489.900,7595.100
07/02/2018,7594.700,7693.800,8536.500,7196.600
06/02/2018,7701.200,6939.300,7896.200,5996.600
05/02/2018,6938.500,8220.800,8383.200,6651.900
04/02/2018,8222.200,9241.500,9382.100,7932.100
03/02/2018,9241.100,8894.400,9506.900,8249.300
02/02/2018,8893.200,9179.800,9201.400,7915.800
01/02/2018,9181.100,10266.200,10303.000,8789.200
31/01/2018,10265.400,10166.300,10397.700,9742.200
30/01/2018,10166.000,11244.500,11277.200,9917.700
29/01/2018,11244.800,11794.900,11888.100,11119.000
28/01/2018,11795.100,11471.200,12112.700,11433.300
27/01/2018,11467.500,11118.000,11621.700,10908.400
26/01/2018,11118.100,11203.100,11655.300,10389.400
25/01/2018,11203.000,11439.900,11740.900,10983.800
24/01/2018,11452.300,10899.400,11549.500,10584.500
23/01/2018,10903.200,10869.000,11438.000,10056.600
22/01/2018,10864.800,11597.500,11970.900,10136.800
21/01/2018,11594.900,12857.100,12860.200,11164.500
20/01/2018,12858.900,11579.200,13082.200,11567.300
19/01/2018,11580.200,11229.600,11973.200,10901.500
18/01/2018,11245.400,11202.000,12004.700,10660.200
17/01/2018,11192.300,11357.700,11769.600,9271.300
16/01/2018,11362.000,13704.400,13711.000,10050.700
15/01/2018,13697.500,13695.500,14396.600,13475.400
14/01/2018,13695.200,14291.900,14446.100,13094.700
13/01/2018,14292.200,13896.000,14640.700,13888.200
12/01/2018,13886.700,13529.200,14176.400,13410.000
11/01/2018,13535.400,15046.700,15109.100,13048.300
10/01/2018,15043.000,14778.500,15045.400,13613.100
09/01/2018,14778.500,14976.200,15324.600,14613.400
08/01/2018,14976.200,16228.300,16302.900,13902.300
07/01/2018,16228.200,17174.500,17184.800,15791.100
06/01/2018,17172.300,16954.800,17252.800,16286.600
05/01/2018,16954.800,15180.100,17126.900,14832.400
04/01/2018,15180.100,15156.500,15408.700,14244.700
03/01/2018,15156.600,14754.100,15435.000,14579.700
02/01/2018,14754.100,13444.900,15306.100,12934.200
01/01/2018,13444.900,13850.500,13921.500,12877.700
31/12/2017,13850.400,12532.400,14241.800,12359.400
30/12/2017,12531.500,14392.100,14461.500,11962.100
29/12/2017,14392.600,14398.500,15109.800,13951.100
28/12/2017,14398.700,15416.300,15505.500,13466.100
27/12/2017,15416.600,15757.000,16514.600,14534.700
26/12/2017,15756.600,13830.200,16094.700,13748.500
25/12/2017,13833.500,13790.000,14467.400,13010.700
24/12/2017,13790.000,14396.600,14413.700,12166.500
23/12/2017,14396.500,13665.000,15493.200,13356.100
22/12/2017,13665.000,15632.100,15823.700,10875.700
21/12/2017,15632.100,16461.100,17301.800,14953.000
20/12/2017,16462.000,17521.700,17813.600,15642.700
19/12/2017,17523.700,18971.200,19022.000,16812.800
18/12/2017,18972.300,19065.700,19221.100,18114.400
17/12/2017,19065.700,19346.600,19870.600,18750.900
16/12/2017,19345.500,17594.100,19587.700,17318.500
15/12/2017,17604.800,16467.900,17987.000,16442.200
14/12/2017,16467.900,16286.800,16941.100,16023.600
13/12/2017,16286.800,17083.900,17268.000,15669.900
12/12/2017,17083.900,16733.300,17560.700,16254.500
11/12/2017,16732.500,15060.500,17399.200,15024.600
10/12/2017,15059.600,14840.000,15783.200,13031.000
09/12/2017,14843.400,16048.200,16313.200,13151.500
08/12/2017,16047.600,16868.000,17294.800,13906.100
07/12/2017,16850.300,13750.100,16879.300,13401.600
06/12/2017,13749.600,11667.100,13843.200,11661.800
05/12/2017,11667.100,11624.400,11901.900,11486.100
04/12/2017,11623.900,11244.200,11624.600,10917.800
03/12/2017,11246.200,10912.700,11851.100,10578.400
02/12/2017,10912.700,10861.500,11175.200,10715.500
01/12/2017,10861.500,9947.100,10942.800,9420.900
30/11/2017,9946.800,9848.000,10689.100,9023.800
29/11/2017,9837.900,9906.000,11417.800,8938.700
28/11/2017,9906.000,9732.600,9969.600,9638.200
27/11/2017,9733.200,9318.400,9733.600,9316.800
26/11/2017,9318.400,8754.600,9474.600,8746.600
25/11/2017,8754.700,8203.500,8762.000,8153.700
24/11/2017,8200.800,8013.400,8332.900,7900.200
23/11/2017,8013.400,8234.500,8266.500,8012.400
22/11/2017,8234.500,8099.900,8304.400,8091.600
21/11/2017,8100.000,8245.900,8368.400,7819.100
20/11/2017,8244.700,8042.600,8294.100,7947.300
19/11/2017,8042.600,7781.000,8100.900,7675.400
18/11/2017,7780.900,7700.000,7857.500,7458.900
17/11/2017,7700.000,7853.700,8000.200,7534.700
16/11/2017,7853.700,7283.000,7964.600,7119.200
15/11/2017,7283.200,6597.100,7330.100,6596.900
14/11/2017,6597.100,6522.500,6728.600,6419.200
13/11/2017,6522.500,5878.100,6760.100,5828.300
12/11/2017,5878.100,6339.900,6490.500,5493.600
11/11/2017,6339.900,6565.800,6821.500,6197.900
10/11/2017,6565.800,7129.600,7319.000,6406.000
09/11/2017,7129.600,7444.400,7457.100,7040.800